/*
Navicat MySQL Data Transfer

Source Server         : mysql-zhuyuhua
Source Server Version : 50169
Source Host           : localhost:3306
Source Database       : activiti

Target Server Type    : MYSQL
Target Server Version : 50169
File Encoding         : 65001

Date: 2013-10-10 10:44:11
*/

SET FOREIGN_KEY_CHECKS=0;

-- ----------------------------
-- Table structure for act_ge_bytearray
-- ----------------------------
DROP TABLE IF EXISTS `act_ge_bytearray`;
CREATE TABLE `act_ge_bytearray` (
  `ID_` varchar(64) COLLATE utf8_bin NOT NULL DEFAULT '',
  `REV_` int(11) DEFAULT NULL,
  `NAME_` varchar(255) COLLATE utf8_bin DEFAULT NULL,
  `DEPLOYMENT_ID_` varchar(64) COLLATE utf8_bin DEFAULT NULL,
  `BYTES_` longblob,
  `GENERATED_` tinyint(4) DEFAULT NULL,
  PRIMARY KEY (`ID_`),
  KEY `ACT_FK_BYTEARR_DEPL` (`DEPLOYMENT_ID_`),
  CONSTRAINT `ACT_FK_BYTEARR_DEPL` FOREIGN KEY (`DEPLOYMENT_ID_`) REFERENCES `act_re_deployment` (`ID_`)
) ENGINE=InnoDB DEFAULT CHARSET=utf8 COLLATE=utf8_bin;

-- ----------------------------
-- Records of act_ge_bytearray
-- ----------------------------
INSERT INTO `act_ge_bytearray` VALUES ('1211', '1', 'leave.bpmn20.xml', '1210', 0x3C3F786D6C2076657273696F6E3D22312E302220656E636F64696E673D225554462D38223F3E0A3C646566696E6974696F6E7320786D6C6E733D22687474703A2F2F7777772E6F6D672E6F72672F737065632F42504D4E2F32303130303532342F4D4F44454C2220786D6C6E733A7873693D22687474703A2F2F7777772E77332E6F72672F323030312F584D4C536368656D612D696E7374616E63652220786D6C6E733A61637469766974693D22687474703A2F2F61637469766974692E6F72672F62706D6E2220786D6C6E733A62706D6E64693D22687474703A2F2F7777772E6F6D672E6F72672F737065632F42504D4E2F32303130303532342F44492220786D6C6E733A6F6D6764633D22687474703A2F2F7777772E6F6D672E6F72672F737065632F44442F32303130303532342F44432220786D6C6E733A6F6D6764693D22687474703A2F2F7777772E6F6D672E6F72672F737065632F44442F32303130303532342F44492220747970654C616E67756167653D22687474703A2F2F7777772E77332E6F72672F323030312F584D4C536368656D61222065787072657373696F6E4C616E67756167653D22687474703A2F2F7777772E77332E6F72672F313939392F585061746822207461726765744E616D6573706163653D22687474703A2F2F7777772E6B6166656974752E6D652F64656D6F2F61637469766974692F6C65617665223E0A20203C70726F636573732069643D226C6561766522206E616D653D22E8AFB7E58187E6B581E7A88B223E0A202020203C646F63756D656E746174696F6E3EE8AFB7E58187E6B581E7A88BE6BC94E7A4BA3C2F646F63756D656E746174696F6E3E0A202020203C73746172744576656E742069643D2273746172746576656E743122206E616D653D225374617274222061637469766974693A696E69746961746F723D226170706C79557365724964223E3C2F73746172744576656E743E0A202020203C757365725461736B2069643D22646570744C6561646572417564697422206E616D653D22E983A8E997A8E9A286E5AFBCE5AEA1E689B9222061637469766974693A63616E64696461746547726F7570733D22646570744C6561646572223E3C2F757365725461736B3E0A202020203C6578636C7573697665476174657761792069643D226578636C7573697665676174657761793522206E616D653D224578636C75736976652047617465776179223E3C2F6578636C7573697665476174657761793E0A202020203C757365725461736B2069643D226D6F646966794170706C7922206E616D653D22E8B083E695B4E794B3E8AFB7222061637469766974693A61737369676E65653D22247B6170706C795573657249647D223E0A2020202020203C657874656E73696F6E456C656D656E74733E0A20202020202020203C61637469766974693A7461736B4C697374656E6572206576656E743D22636F6D706C657465222064656C656761746545787072657373696F6E3D22247B61667465724D6F646966794170706C79436F6E74656E7450726F636573736F727D223E3C2F61637469766974693A7461736B4C697374656E65723E0A2020202020203C2F657874656E73696F6E456C656D656E74733E0A202020203C2F757365725461736B3E0A202020203C757365725461736B2069643D226872417564697422206E616D653D22E4BABAE4BA8BE5AEA1E689B9222061637469766974693A63616E64696461746547726F7570733D226872223E3C2F757365725461736B3E0A202020203C6578636C7573697665476174657761792069643D226578636C7573697665676174657761793622206E616D653D224578636C75736976652047617465776179223E3C2F6578636C7573697665476174657761793E0A202020203C757365725461736B2069643D227265706F72744261636B22206E616D653D22E99480E58187222061637469766974693A61737369676E65653D22247B6170706C795573657249647D223E0A2020202020203C657874656E73696F6E456C656D656E74733E0A20202020202020203C61637469766974693A7461736B4C697374656E6572206576656E743D22636F6D706C657465222064656C656761746545787072657373696F6E3D22247B7265706F72744261636B456E6450726F636573736F727D223E3C2F61637469766974693A7461736B4C697374656E65723E0A2020202020203C2F657874656E73696F6E456C656D656E74733E0A202020203C2F757365725461736B3E0A202020203C656E644576656E742069643D22656E646576656E743122206E616D653D22456E64223E3C2F656E644576656E743E0A202020203C6578636C7573697665476174657761792069643D226578636C7573697665676174657761793722206E616D653D224578636C75736976652047617465776179223E3C2F6578636C7573697665476174657761793E0A202020203C73657175656E6365466C6F772069643D22666C6F773222206E616D653D222220736F757263655265663D2273746172746576656E743122207461726765745265663D22646570744C65616465724175646974223E3C2F73657175656E6365466C6F773E0A202020203C73657175656E6365466C6F772069643D22666C6F773322206E616D653D222220736F757263655265663D22646570744C6561646572417564697422207461726765745265663D226578636C75736976656761746577617935223E3C2F73657175656E6365466C6F773E0A202020203C73657175656E6365466C6F772069643D22666C6F773422206E616D653D22E4B88DE5908CE6848F2220736F757263655265663D226578636C7573697665676174657761793522207461726765745265663D226D6F646966794170706C79223E0A2020202020203C636F6E646974696F6E45787072657373696F6E207873693A747970653D2274466F726D616C45787072657373696F6E223E3C215B43444154415B247B21646570744C6561646572506173737D5D5D3E3C2F636F6E646974696F6E45787072657373696F6E3E0A202020203C2F73657175656E6365466C6F773E0A202020203C73657175656E6365466C6F772069643D22666C6F773522206E616D653D22E5908CE6848F2220736F757263655265663D226578636C7573697665676174657761793522207461726765745265663D2268724175646974223E0A2020202020203C636F6E646974696F6E45787072657373696F6E207873693A747970653D2274466F726D616C45787072657373696F6E223E3C215B43444154415B247B646570744C6561646572506173737D5D5D3E3C2F636F6E646974696F6E45787072657373696F6E3E0A202020203C2F73657175656E6365466C6F773E0A202020203C73657175656E6365466C6F772069643D22666C6F773622206E616D653D222220736F757263655265663D226872417564697422207461726765745265663D226578636C75736976656761746577617936223E3C2F73657175656E6365466C6F773E0A202020203C73657175656E6365466C6F772069643D22666C6F773722206E616D653D22E5908CE6848F2220736F757263655265663D226578636C7573697665676174657761793622207461726765745265663D227265706F72744261636B223E0A2020202020203C636F6E646974696F6E45787072657373696F6E207873693A747970653D2274466F726D616C45787072657373696F6E223E3C215B43444154415B247B6872506173737D5D5D3E3C2F636F6E646974696F6E45787072657373696F6E3E0A202020203C2F73657175656E6365466C6F773E0A202020203C73657175656E6365466C6F772069643D22666C6F773822206E616D653D222220736F757263655265663D227265706F72744261636B22207461726765745265663D22656E646576656E7431223E3C2F73657175656E6365466C6F773E0A202020203C73657175656E6365466C6F772069643D22666C6F773922206E616D653D22E4B88DE5908CE6848F2220736F757263655265663D226578636C7573697665676174657761793622207461726765745265663D226D6F646966794170706C79223E0A2020202020203C636F6E646974696F6E45787072657373696F6E207873693A747970653D2274466F726D616C45787072657373696F6E223E3C215B43444154415B247B216872506173737D5D5D3E3C2F636F6E646974696F6E45787072657373696F6E3E0A202020203C2F73657175656E6365466C6F773E0A202020203C73657175656E6365466C6F772069643D22666C6F77313022206E616D653D22E9878DE696B0E794B3E8AFB72220736F757263655265663D226578636C7573697665676174657761793722207461726765745265663D22646570744C65616465724175646974223E0A2020202020203C636F6E646974696F6E45787072657373696F6E207873693A747970653D2274466F726D616C45787072657373696F6E223E3C215B43444154415B247B72654170706C797D5D5D3E3C2F636F6E646974696F6E45787072657373696F6E3E0A202020203C2F73657175656E6365466C6F773E0A202020203C73657175656E6365466C6F772069643D22666C6F77313122206E616D653D222220736F757263655265663D226D6F646966794170706C7922207461726765745265663D226578636C75736976656761746577617937223E3C2F73657175656E6365466C6F773E0A202020203C73657175656E6365466C6F772069643D22666C6F77313222206E616D653D22E7BB93E69D9FE6B581E7A88B2220736F757263655265663D226578636C7573697665676174657761793722207461726765745265663D22656E646576656E7431223E0A2020202020203C636F6E646974696F6E45787072657373696F6E207873693A747970653D2274466F726D616C45787072657373696F6E223E3C215B43444154415B247B2172654170706C797D5D5D3E3C2F636F6E646974696F6E45787072657373696F6E3E0A202020203C2F73657175656E6365466C6F773E0A20203C2F70726F636573733E0A20203C62706D6E64693A42504D4E4469616772616D2069643D2242504D4E4469616772616D5F6C65617665223E0A202020203C62706D6E64693A42504D4E506C616E652062706D6E456C656D656E743D226C65617665222069643D2242504D4E506C616E655F6C65617665223E0A2020202020203C62706D6E64693A42504D4E53686170652062706D6E456C656D656E743D2273746172746576656E7431222069643D2242504D4E53686170655F73746172746576656E7431223E0A20202020202020203C6F6D6764633A426F756E6473206865696768743D223335222077696474683D2233352220783D2231302220793D223930223E3C2F6F6D6764633A426F756E64733E0A2020202020203C2F62706D6E64693A42504D4E53686170653E0A2020202020203C62706D6E64693A42504D4E53686170652062706D6E456C656D656E743D22646570744C65616465724175646974222069643D2242504D4E53686170655F646570744C65616465724175646974223E0A20202020202020203C6F6D6764633A426F756E6473206865696768743D223535222077696474683D223130352220783D2239302220793D223830223E3C2F6F6D6764633A426F756E64733E0A2020202020203C2F62706D6E64693A42504D4E53686170653E0A2020202020203C62706D6E64693A42504D4E53686170652062706D6E456C656D656E743D226578636C75736976656761746577617935222069643D2242504D4E53686170655F6578636C75736976656761746577617935223E0A20202020202020203C6F6D6764633A426F756E6473206865696768743D223430222077696474683D2234302220783D223235302220793D223837223E3C2F6F6D6764633A426F756E64733E0A2020202020203C2F62706D6E64693A42504D4E53686170653E0A2020202020203C62706D6E64693A42504D4E53686170652062706D6E456C656D656E743D226D6F646966794170706C79222069643D2242504D4E53686170655F6D6F646966794170706C79223E0A20202020202020203C6F6D6764633A426F756E6473206865696768743D223535222077696474683D223130352220783D223231382220793D22313930223E3C2F6F6D6764633A426F756E64733E0A2020202020203C2F62706D6E64693A42504D4E53686170653E0A2020202020203C62706D6E64693A42504D4E53686170652062706D6E456C656D656E743D2268724175646974222069643D2242504D4E53686170655F68724175646974223E0A20202020202020203C6F6D6764633A426F756E6473206865696768743D223535222077696474683D223130352220783D223335382220793D223830223E3C2F6F6D6764633A426F756E64733E0A2020202020203C2F62706D6E64693A42504D4E53686170653E0A2020202020203C62706D6E64693A42504D4E53686170652062706D6E456C656D656E743D226578636C75736976656761746577617936222069643D2242504D4E53686170655F6578636C75736976656761746577617936223E0A20202020202020203C6F6D6764633A426F756E6473206865696768743D223430222077696474683D2234302220783D223439352220793D223837223E3C2F6F6D6764633A426F756E64733E0A2020202020203C2F62706D6E64693A42504D4E53686170653E0A2020202020203C62706D6E64693A42504D4E53686170652062706D6E456C656D656E743D227265706F72744261636B222069643D2242504D4E53686170655F7265706F72744261636B223E0A20202020202020203C6F6D6764633A426F756E6473206865696768743D223535222077696474683D223130352220783D223539302220793D223830223E3C2F6F6D6764633A426F756E64733E0A2020202020203C2F62706D6E64693A42504D4E53686170653E0A2020202020203C62706D6E64693A42504D4E53686170652062706D6E456C656D656E743D22656E646576656E7431222069643D2242504D4E53686170655F656E646576656E7431223E0A20202020202020203C6F6D6764633A426F756E6473206865696768743D223335222077696474683D2233352220783D223632352220793D22323833223E3C2F6F6D6764633A426F756E64733E0A2020202020203C2F62706D6E64693A42504D4E53686170653E0A2020202020203C62706D6E64693A42504D4E53686170652062706D6E456C656D656E743D226578636C75736976656761746577617937222069643D2242504D4E53686170655F6578636C75736976656761746577617937223E0A20202020202020203C6F6D6764633A426F756E6473206865696768743D223430222077696474683D2234302220783D223235302220793D22323830223E3C2F6F6D6764633A426F756E64733E0A2020202020203C2F62706D6E64693A42504D4E53686170653E0A2020202020203C62706D6E64693A42504D4E456467652062706D6E456C656D656E743D22666C6F7732222069643D2242504D4E456467655F666C6F7732223E0A20202020202020203C6F6D6764693A776179706F696E7420783D2234352220793D22313037223E3C2F6F6D6764693A776179706F696E743E0A20202020202020203C6F6D6764693A776179706F696E7420783D2239302220793D22313037223E3C2F6F6D6764693A776179706F696E743E0A2020202020203C2F62706D6E64693A42504D4E456467653E0A2020202020203C62706D6E64693A42504D4E456467652062706D6E456C656D656E743D22666C6F7733222069643D2242504D4E456467655F666C6F7733223E0A20202020202020203C6F6D6764693A776179706F696E7420783D223139352220793D22313037223E3C2F6F6D6764693A776179706F696E743E0A20202020202020203C6F6D6764693A776179706F696E7420783D223235302220793D22313037223E3C2F6F6D6764693A776179706F696E743E0A2020202020203C2F62706D6E64693A42504D4E456467653E0A2020202020203C62706D6E64693A42504D4E456467652062706D6E456C656D656E743D22666C6F7734222069643D2242504D4E456467655F666C6F7734223E0A20202020202020203C6F6D6764693A776179706F696E7420783D223237302220793D22313237223E3C2F6F6D6764693A776179706F696E743E0A20202020202020203C6F6D6764693A776179706F696E7420783D223237302220793D22313930223E3C2F6F6D6764693A776179706F696E743E0A20202020202020203C62706D6E64693A42504D4E4C6162656C3E0A202020202020202020203C6F6D6764633A426F756E6473206865696768743D223131222077696474683D223130302220783D2231302220793D2230223E3C2F6F6D6764633A426F756E64733E0A20202020202020203C2F62706D6E64693A42504D4E4C6162656C3E0A2020202020203C2F62706D6E64693A42504D4E456467653E0A2020202020203C62706D6E64693A42504D4E456467652062706D6E456C656D656E743D22666C6F7735222069643D2242504D4E456467655F666C6F7735223E0A20202020202020203C6F6D6764693A776179706F696E7420783D223239302220793D22313037223E3C2F6F6D6764693A776179706F696E743E0A20202020202020203C6F6D6764693A776179706F696E7420783D223335382220793D22313037223E3C2F6F6D6764693A776179706F696E743E0A20202020202020203C62706D6E64693A42504D4E4C6162656C3E0A202020202020202020203C6F6D6764633A426F756E6473206865696768743D223131222077696474683D223130302220783D222D32342220793D222D3137223E3C2F6F6D6764633A426F756E64733E0A20202020202020203C2F62706D6E64693A42504D4E4C6162656C3E0A2020202020203C2F62706D6E64693A42504D4E456467653E0A2020202020203C62706D6E64693A42504D4E456467652062706D6E456C656D656E743D22666C6F7736222069643D2242504D4E456467655F666C6F7736223E0A20202020202020203C6F6D6764693A776179706F696E7420783D223436332220793D22313037223E3C2F6F6D6764693A776179706F696E743E0A20202020202020203C6F6D6764693A776179706F696E7420783D223439352220793D22313037223E3C2F6F6D6764693A776179706F696E743E0A2020202020203C2F62706D6E64693A42504D4E456467653E0A2020202020203C62706D6E64693A42504D4E456467652062706D6E456C656D656E743D22666C6F7737222069643D2242504D4E456467655F666C6F7737223E0A20202020202020203C6F6D6764693A776179706F696E7420783D223533352220793D22313037223E3C2F6F6D6764693A776179706F696E743E0A20202020202020203C6F6D6764693A776179706F696E7420783D223539302220793D22313037223E3C2F6F6D6764693A776179706F696E743E0A20202020202020203C62706D6E64693A42504D4E4C6162656C3E0A202020202020202020203C6F6D6764633A426F756E6473206865696768743D223131222077696474683D223130302220783D222D32322220793D222D3137223E3C2F6F6D6764633A426F756E64733E0A20202020202020203C2F62706D6E64693A42504D4E4C6162656C3E0A2020202020203C2F62706D6E64693A42504D4E456467653E0A2020202020203C62706D6E64693A42504D4E456467652062706D6E456C656D656E743D22666C6F7738222069643D2242504D4E456467655F666C6F7738223E0A20202020202020203C6F6D6764693A776179706F696E7420783D223634322220793D22313335223E3C2F6F6D6764693A776179706F696E743E0A20202020202020203C6F6D6764693A776179706F696E7420783D223634322220793D22323833223E3C2F6F6D6764693A776179706F696E743E0A2020202020203C2F62706D6E64693A42504D4E456467653E0A2020202020203C62706D6E64693A42504D4E456467652062706D6E456C656D656E743D22666C6F7739222069643D2242504D4E456467655F666C6F7739223E0A20202020202020203C6F6D6764693A776179706F696E7420783D223531352220793D22313237223E3C2F6F6D6764693A776179706F696E743E0A20202020202020203C6F6D6764693A776179706F696E7420783D223531342220793D22323137223E3C2F6F6D6764693A776179706F696E743E0A20202020202020203C6F6D6764693A776179706F696E7420783D223332332220793D22323137223E3C2F6F6D6764693A776179706F696E743E0A20202020202020203C62706D6E64693A42504D4E4C6162656C3E0A202020202020202020203C6F6D6764633A426F756E6473206865696768743D223131222077696474683D223130302220783D2231302220793D2230223E3C2F6F6D6764633A426F756E64733E0A20202020202020203C2F62706D6E64693A42504D4E4C6162656C3E0A2020202020203C2F62706D6E64693A42504D4E456467653E0A2020202020203C62706D6E64693A42504D4E456467652062706D6E456C656D656E743D22666C6F773130222069643D2242504D4E456467655F666C6F773130223E0A20202020202020203C6F6D6764693A776179706F696E7420783D223235302220793D22333030223E3C2F6F6D6764693A776179706F696E743E0A20202020202020203C6F6D6764693A776179706F696E7420783D223134322220793D22323939223E3C2F6F6D6764693A776179706F696E743E0A20202020202020203C6F6D6764693A776179706F696E7420783D223134322220793D22313335223E3C2F6F6D6764693A776179706F696E743E0A20202020202020203C62706D6E64693A42504D4E4C6162656C3E0A202020202020202020203C6F6D6764633A426F756E6473206865696768743D223131222077696474683D223130302220783D2231302220793D2230223E3C2F6F6D6764633A426F756E64733E0A20202020202020203C2F62706D6E64693A42504D4E4C6162656C3E0A2020202020203C2F62706D6E64693A42504D4E456467653E0A2020202020203C62706D6E64693A42504D4E456467652062706D6E456C656D656E743D22666C6F773131222069643D2242504D4E456467655F666C6F773131223E0A20202020202020203C6F6D6764693A776179706F696E7420783D223237302220793D22323435223E3C2F6F6D6764693A776179706F696E743E0A20202020202020203C6F6D6764693A776179706F696E7420783D223237302220793D22323830223E3C2F6F6D6764693A776179706F696E743E0A2020202020203C2F62706D6E64693A42504D4E456467653E0A2020202020203C62706D6E64693A42504D4E456467652062706D6E456C656D656E743D22666C6F773132222069643D2242504D4E456467655F666C6F773132223E0A20202020202020203C6F6D6764693A776179706F696E7420783D223239302220793D22333030223E3C2F6F6D6764693A776179706F696E743E0A20202020202020203C6F6D6764693A776179706F696E7420783D223632352220793D22333030223E3C2F6F6D6764693A776179706F696E743E0A20202020202020203C62706D6E64693A42504D4E4C6162656C3E0A202020202020202020203C6F6D6764633A426F756E6473206865696768743D223131222077696474683D223130302220783D2231302220793D2230223E3C2F6F6D6764633A426F756E64733E0A20202020202020203C2F62706D6E64693A42504D4E4C6162656C3E0A2020202020203C2F62706D6E64693A42504D4E456467653E0A202020203C2F62706D6E64693A42504D4E506C616E653E0A20203C2F62706D6E64693A42504D4E4469616772616D3E0A3C2F646566696E6974696F6E733E, '0');
INSERT INTO `act_ge_bytearray` VALUES ('1212', '1', 'leave.png', '1210', 0x89504E470D0A1A0A0000000D49484452000002D700000245080200000099424C420000546049444154789CECDD09781455BAFF710697E17F9F992BCC85511CC77B1147E6DE7103F1AA771C515046D90491453641F67D4DD892B0CB220A6E239B020E02C3268812C008842D094958C2920412202108180462802CDD9DFEBF5D95344D02A103694E579FEFE7A9A79ED3D527953A556F9DFED1E9840A4E000000152AA83E000000A02952080000508314020000D420850000003548210000400D52080000508314020000D420850000003548210000400D52080000508314020000D420850000003548210000400D52080000508314020000D420850000003548210000400D52080000508314020000D420850000003548210000400D52080000508314020000D420850000003548210000400D52080000508314020000D420850000003548210000400D52080000508314020000D420850000003548210000400D52080000508314020000D420850000003548210000400D52080000508314020000D420850000003548210000400D52080000508314020000D420850000003548210000400D52080000508314020000D420850000003548210000400D52080000508314020000D420850000003548210000400D52080000508314020000D420850000003548210000400D52080000508314020000D420850000003548210000400D52080000508314020000D420850000003548210000400D52080000508314020000D420850000003548210000400D52080000508314020000D420850000003548210000400D52080000508314020000D420850000003548210000400D52080000508314020000D42085DC407474F4E8D1A36BD7AE7DDF7DF7DD71C71D15742563973320E741CE869C13D597057E847BC4C43D622DD4AD4979DD9242AE2B2929A9458B160F3FFCF0F0E1C377EE8C3A9E969E976FCBB7C962371677E39A0F4B6EB776FFBCFC7C3903721E860505C93969DEBC796262A2EA4B04C5B847B847AC88BAF5ABBA25855CDBEEDDBB2B55AA3479F2E4CB3939529FC60573AD6D36B358AFB1D8ECEE7680F797733265CA946AD5AAAD5BB74EF5858232DC23DC235644DDFA5BDD9242AE412E40850A152223238DAB956FA464D7252B6A1B6BBB2DFFEA2D9E8B0EFD376CDC2067496E69D5970B0A708F708F581175EB87754B0A292E2929E9F7BFFFFDC68DEBF36D79365B5EBE2D5716B351ECA1AB833DCFECE66E68D53F3272CBAF7FFD6BDE76D60DF708F7881551B7FE59B7A490E25AB4683179F224E3F2C8B5C97135ECB94517ACB05DB425C7DC5ED84DCBFE53A64C6EF67A53D5170DB715F708F7881551B7FE59B7A490ABC4C4C43CF4D04339B917E51AD864715D2159E7E417B5CDC566AEEDEE46AEB6FD2FE764D7ACF910BF11A00FEE11EE112BA26EFDB66E492157090909090E0EB6D92E1B57EBB22CF5FEDED8CBDF7732FBBBAE5FD1975F69D88D8D66077B8EE7FE03A07F50D090D1A347ABBE74B84DB847B847AC88BAF5DBBA25855CA576EDDA3B7644E6DB2E1957E5D28B2F37FCD1E93CEE701EB6390FE639F7E63963B3ED3356FEB021E3424CBE333AC71993E3DC76C9B931D7F9E1B684EE3D7A1A97F0B2FBCB3DDBE6C32B6D5BE15301D07FE7CEAD4F3EF984EA4BE75B919191FFF11FFFB165CB16D507A21EF748E0DD233A943775EBB7754B0AB94AF5EAD58F1F3F62B35F321749C1D94EE7C502E705BBF3E77CE725A773C8A8B00A157FF36CC3E61936677A9E333DD7792CC779C4EE5CB673AF74B6B9AEE245F36B5D0D9BB11FDB25B391EF7E58B4FFC0E89F969E72EFBDF7AABE743E24B3F3EF7EF7BB152B57CA4CBD79F366D587A318F74880DD239A943775EBB7755B0E2964CF9E3D63C68C69D2A4499D3A75EEBBEFBEBBEEBA4BD6D26EDCB8B16C97676FFD5BDC3677DC71475E7EB6CD75912ECA3590E2BBE470E6395C4FD90B5CEB6FBE5B7F7FCD47474F9C6E773A7FB13B2FD89C3FDB9CE79DCE8DBBF6B92AD56E5C66D7C5BE685CF2C2FD143EF46C146D0F80FEF9F9D9152B56547BE17CC79CA323227EC8B7D97FF861938F66EA9494941D3B76ECDAB52B2E2E2EDE101B1B1B1515959C9C5CACA73C15161656EE07E03DEE9140BA477C54DE7E58CFD4ADDFD6EDCDA7900B172E8C1831E2C1071FAC59B3E6D0A143D7AE5D1B15157D3C2D3D37CFF587D8A4BD7ACD1AD92ECFFEF18F7F949ED2BF1C8FDB478CCCFB8BCD2EC59A2D6B7978D1EE3C7BD999EF28EC70FEFCF90F3E9E35E1BD8FD34F9E9287B60267BE51C13BE2F6167EADF185853B29D97075B8B2FF80E92F635777D17CC8738E36171F0591E1C387CF9A356BF5D5E6CC99D3AF5F3FF7918C1C39B24B972EEFBDF79E34264D9AD4A851A3E0E0E0DBFF9947EE9180B9477C57DE7E58CFD4ADDFD6EDCD7C839C9C9C19336654AB56AD67CF9E7BF6EEBBCE5F87BDB2ECDD97D0AD7B77E9FFC1071FC8D796FB18CA919179E5EC67996B57A53A9C3F5D729ECE76DA9CCEFCBCBC3FD7AA55A1C21D152A547AF3AD4E9E5F181BBFFBCAD7165E4EF77E3C1A76CFED5901D3DF0F67D85B57728E76CFD4B2BD7C7F882E13F1D6AD5B65A65EBF7EFDC68D1B652DED6DDBB60D1B364C9ECDCCCC947F32EEDFBFBF75EBD6F27D131313A74C992213F7810307F6ECD973EEDCB9723C921BE21E098C7BC4A7E5ED87F54CDDFA6DDD96F91B646464D4AD5BB7499326922D6E983F8A6591C68D9B3CFDF4D3B2075F8CA45C18D596659C7DB90C59E6BB7692974FFEE23C93EB8C3D907AEFBDF7DE71E7DDFFEF9EAA6DDB5D55A9BBE2E2A5B3DD7521B3ECF62CCF9DD8ED850D599B1D3C9E0A90FEFE36C3DEBAEBCDD1E622DBCBF7D37C326BC7C4C4444545C92CBC6FDF3E59CBC3D8D858F9D7A1D3787F7BC9922563C68C917F628E2E22EDB163C72E5EBC382D2DADBC0EC31BDC2301708FF8BABCFDB09EA95BBFADDBB27D83F4F4F46AD5AABDF7DE7B65CA1F9ECBE4C953AA57AFEEB7BF3A6FBCF376C17531EC17CC0B70B9C0F9738E2B2FFF94EB8CD895F8D8134F55ADF6FB7B2A5799B57059AED3999DE7BC94E7FAC26D51BB0ABFD6F5E5856BE3925FD9625CF20B9EFB0F98FE7E35C3DEBAD2E7685F041199B5535353972E5D3A6AD4A8B0B0309994972F5F7EFCF87173D636B56BD76EA307F9F765FBF6EDCBE5BB9709F788D5EF91DB50DE7E58CFD4ADDFD66D19BE814407392029A69B8E20E6B262E54AD98F041ADF8DEAA619D576DEEEBA30E765312F8014EB059BF35CBEA466DB8E84634FD4A9FBD22BAF9DC9739ECE719EC9719ECD734AAD6E8B312AD56E5E60D7625C5D6357F6C2B5CD73A3B1FF80E9EF3F33ECADF3668E2EF72062CEDA83070FCECCCC741A1FBA1A3A7468C959FB5D0F93264DEAD8B1E3AD7FEBB2E21EB1F43D727BCADB0FEB99BAF5DBBAF5F61B64646454AF5E7DF5EAD5B71841CC65C9D2A5D5AA55F3C31FCD18D576DEB8367225CEBD50EF857D870EC7262446ED49DC1E9FB87D77F28E7D299B620EEE4C381A199FBC353E69FBEEA4A8BDC90987D33E9DFDF99BAD5A995F6533D7B6F39E0F8D76D1C3A2FD074C7F3F99616F9DF77374F9061173D60E0A0A2A65D61E3060C0840913DCB3F6F8F1E36596BFC5EF7B13B847AC7B8FDCB6F2F6C37AA66EFDB66EBDFA0639393975EBD6BD951FC4945C264F9EF2F4D34FFBDB87558D9FFFC90538675C06B906E7FAF6EDE9CD1FD77BE38D96667F7BD162F3D88F67A3D8FE03A3BF3FCCB0B7AEAC737439061173D69E376FDEB871E3CC1979FEFCF99EB3767A7AFAAA55AB4243437373737BF6EC69BE9528CF26252595C3C8CB827BC4A2F7C8ED2C6F3FAC67EAD66FEBD6AB6F3063C68C264D9A9463043197C68D9B7CF0C107BE1E61991895FAB3CD7ED6EE5A7E36DB369BAB6DACCD8D855B5C0D630BFD95CFB0B7AEE41C7DFACC4FA554AFE7B3B71E4464FE4D494929B65166E411234698ED0E1D3A2427279B6F599F3D7B363C3C7CEEDCB9111111AFBEFAEAC993276FFAFBDE04EE112BDE23B7B9BCFDB09EA95BBFADDB1B7F83ACACACAA55AB96F53762BC59649FB267BFFA3B22C6BB7699C66590AB9269B315B6DD5B3C1F1A973093FEB2583D85949CA3434243EFBFFFFE438949D72C5DD92ECF4A9FF20A2243860C494848F0DC22F375BD7AF5CCBFDC909191F1C9279F4843527B9F3E7DE41F9AC3860DEBDCB9F3E5CB974F9D3A65B3D96EF9049401F788E5EE91DB5FDE7E58CFD4ADDFD6ED8DBF819448CF9E3DCB3D82984BB7EEDDDDE9D81F187939F39A8BCDDDB05DBB83CEFD2D9D42AE39479B6FC65E73A636E768B343390611ABE01EB1D63D42799BA85BBFADDB1B7F833FFEF18FBE7823C4FD76C8030F3CE0EB417ACFA8D49F6CB69F64ED6AD8CD46A6BDB0E16E675ED54DFBFED64D21A5CCD1D79CA93DE7E8C09BA9BDC13D62A17B84F276A36EFDB66E6FF00DF6ECD953B3664D1F45107379E8A187FCE7FF9A312AF58C71F6CF145DAA33C625716F3C73CD0E9AF7B7680AB9E60FCB8BCDC29E3375C939DA7CB67C3F23E2E7B847AC728F50DE9EA85BBFADDB1B7C833163C60C1D3AD4A72964D0E0C1F25D7C3D4E379BCD3675EAD4050B1698BF42564C51A59ACB6963F17C78A6C4729AFEB2F8550A29FD12BB5DEF5706AE371787AFDF50CA0CEEB95877A636718FF8F33D42795F0F75EBCF755B8A1B7C83264D9AAC5DBBD6A72964F59A358D1B37F6F538DD561A7F334DDC79E79D83070FCECBCBF37CD6A8D45345D7C0DD28B9B89E72388A75D3B7BF5FA590D22FB1A9F4DF5ABCE64C5DB162456FE6683F9FA9BDC13DE2CFF708E57D3DD4AD3FD76D296EF00D9E7AEAA99D3BA37C9A42A2A2A26BD7AEEDEB71BA656565B9EF376954A95265CD9A35EE678D4AFD51AE81C371CAE1BA123F9A8B3C2CDE309E2DEAA37B7FBF4A21A55F62A7777F38E19A33B59773B43FCFD4DEE01EF1E77B84F2BE1EEAD69FEBB61437F806D5AB573F763CCDA729E4785AFABDF7DEEBEB717AAAE5FABF13AF90E0FCECB3CF9AFF859251A9278DB32FEB930ED7A5FAD1BDC5E1B1DDDCE86E68DEDFAF5288B3D44BECFDDF6E2A65A6BEE11CEDB733B597B847FCF91EA1BCAF87BAF5E7BABD9E1B7C83BBEEBA2B372FDFA72944F62FB53276ECD85282F9EDE4BA000EF3329C2CBC1E251E3AAE6CCFA0BF3C94F3E63F57B07465FAF391E1EB37947CA75AB6C8762FF7F0C30F9B64A6B6CAC9F192256AD2DFFA57B82DF708E55D0A4BD489BFF5AFA03C8504E47B21952B57368BB252A54AEDDBB77FE8A1875AB468E1CECB0E875C8C8CC2B5EBC2142EC5B6388AD6F497E536546A9994728923232365A6FE3E22E286951990FF58F412F7883FDF2394F7F550B7FE5CB7D7A3DDE742F6ECD9639669C3860D5F79E5959A356B868787BB9F7555AAFD84DD58A421D7C3BD2EDCE8302F92348A1E7AF4BF702169F0A0EEE6C6CCCCFD49495B8F1E8D4E4CDC9A9D7D58FA9F3EBDAF75EBA6E7CF1DB2D9D23332E2337F4AF8F9E783B23E7BF6807B27B2BD7DFB37A4B173E7371B372EDDBC79C5E64DCBA5111FBF41FA1C3CB865D4C8FE616183C78C19228B344243074D9D1A52F278BEFDF6CB69D3424A1EFF9933091D3BBE298D6FBE5970E850A43C25FB91C3BBB9F1BAFBFB550A29FD123BBD9BA903F207E75EF2E93DE27DFF1E3D3AE4E61C2DA5FF8B2F3E57CAFEBF336E8192FB77DD021D5A4A63CD9A058945B7C0C58B47CAFDF87D748F50DED7E327757BBDFEBD7B779297834B9752525276C8C3BFFFFDC59CCBA9478EEC70BD3A183D7BF5EC1811F1AF9D3BBE91C95FB6CB9CBF77EFF7070E6CF6D1F1F8CFDC7EE3DF91F9BA9CFE1FDDEB2DB2FF468D6EDFEFC8444444C869AD5BB7EE3DF7DC3371E2C46B7D8E3A5DAE8AA3F0DAA4BB1E16AE4F18DB0BDB45DDD2CD86DD96DEA347FB9123FBBFF2CA0B12147AF6ECF88F7F4C6EDFBEC5F4E9A18F3DF6E78BAE97F9F4DCDCA331D16B656ECDC949EDDFAF4B7070EF1123FAF5EBD7458ACFBDFF61437BB66BD7E2D8D16829C7952BE7366CF8C2D2A5FF58B162CE8EED6BE4D90D1B167FFCF1C4FCBC637979C7F2F38EE7E71F97F69B6F36368FE7E4C9F8FAF5FF3A6040D761C37A0507F56EDEFCD5A0A0DED21E32B87BBD7ACF9ECC88973DD8F28FCBFEA5FFE8D103525377CAF1B769D3EC26C65BACBF5FA590D22FB1A9F4993A507F89C04B3EBA47CADAFF85179E2DD6FFE081CD2D5B3692FB65C8901E2386F7AD55ABE6F0E17DA4BCE57693EDC9495BAFDC02437B0619B780DC6541C37A0D366E818C8CB82BB780E344C8E881720BD8CD5BC007C7EFA37B84F2BE1E3FA9DB6BF6CFCC4CF8CB5F1E59B870E60F11CB9A3479F9E79F0FBCF1C66BF28A20257A60FF265759DAD29A367D657DF822A9EDE5CBE68C1CD96FE58AB95F7DF5C95B6D9BFBE278FC6A6EBFC137183B76ECC041837C9A42060D1E1C121AEAEB717A5AB76EDDAC59B3CE9E3D5BF229232FA7391C6976591B8DC2B5C3A35D6C5DD43F3D2D66CE9CA9F270EEDC69DF7EBB60EDDAF98B167D74FEFC811EDDDB993DFBF7EFB23B3EBCD8FE334EEC92EDE6FE23BE5F32716270D6854332A5EE8AF976EFDE0D4D9BBE9CB0EFFBDDBBC32F5F967FABA56DDCF8558306CF0F19D2BD7019DC7DD0A0AE9242F2F38FCAB3E9E931FDFA7676EFBF4BE7D6EEE3ECDAB5AD3CFBCD9A2FC2C2063DF1C4FF8C1EDD3F2C74506AEA7679B6AD2B85C8D7EE2AEB783DB7FB550A71967A89DD64A6AE52A58A567F50C17B3EBA47CAD4BF71E30625FB2727450E1CF8CEB469A367CC1823952C297FF2E4114387F470DF83FDFA7576F7EFD2A5B57B0FAE5B202DE69B6FBE90CA376F8150B90552B6CBB3E62D70E2C4AEF23D7EDFDD2394F7F5F843DD5EB3BF44E1E5CB6745ED5C9392B22D76D7B73B767C2D93BC648EAD5B5798FD656E97578A4D9BFEB560C107E7CEED1F3DAABFB9871E3DDAF9E278FC6A6EE76FA75EC5A8D4E3AEC561AED30A1F166DB45F69BB9EF278E85A87860EFC25EBD0DB9DDEB4E51F5DFBCD178B167DF8E187E3B66C5E66F697D060BCF05FB57F570A71CD9BC7B76F5BD9B66D3329C1552BE764FEB477C58AD9AFBDF6D2975FCE94A551A397D2D2A2A4CFF7DF2F9E39736CC9E3E9D4B1E5E1C35BA521C1A5EB3B6D8607F71E39B2EF9FFFFCB0ACA5DDF9ED5609FB36CA2165651DCCCE4E92C3FBF9EC3E89234B967CB27DFBAAD6AD9AC884DEAA55E39319BBCA3A5E777F7F4B215EE28F4BDE845BBC47BCEC7F313BE9F1C7FFBB64FFB8B86FBB757B2B72CB7259EAD57B56D65BB62C6FD8F005F7FEF7EDDB58780B8C28BC0582DDB780ED58D605CF5B60A0DC02F27A50780BBC69DE02E573FCFE708F50DE9E6E4FDD5EB37F7CDC77FFF33F7F925787316306CB3CDFBCF9DF4346F76FDDBA6958E8C0575EF9DB2FBF1C923E92B95D29E487A58D1BD71F36B487FC833628A897D470F76E6F95FBF1F85BDD2AFE7F64F6ECDD27FBF7F520BDE7AA548779198E391CC78CF57157A3704BD176CF86B16C8D5CDEB367BBA0613D870FEFDDAFDFDBBD7A75E8DBA793A490B7DA364B4ADA64F61F32A4DBD1A3DB8BED3F236357FFFE9D654BCA91ADA74EC5C99659B3DEB5D98EA61DDF397468F78888C55F7F3D77D8B01EE992421CC76496ECD4A9A5F4976FD1AFEFDBB29609B743871632879A3B8C8DFD76DCB8A1E6FEDBB66D6A1EB3743B7E7CA7FBF8DF7EBBE5CA95B38707F79A3D7BF2860D8BA4E877EC5855D6F116EB6FD114E2E43FDA28BB9BBE47CAD45F2AFF4F7FAA1119B9AC58FF98986FE6CD9B2605FCCD375FFCDFFF3DB56AD5ECAFBEFAE8D34F2766672716DE02BBD61AB780AB7FDB364DCDAFF2B8055CDBDF7EFBCD2BB7C0FA7F16DE02E57AFC7E728F50DE6EB7A76EAFD7FFCC99DD6F776A79E850C4B973094D9BBE9C93939C9373589666CD5EB1DB8E2E5EFCD19831837AF468B769D312F987A8F4FFE9A73D8793B7A4A66E4B4ADA6CCB4F2DF7E3F1ABBAF5EAFFD4EDD6BDBB8F5288EC392838D8D783F49E51A972018ECABAC071ACB06D3CF4681C2BB1C5B5DEBB67DD8C19619F7C325ED63B77AE5AFBCDE78B16CD3C7F3EA1458BBFE7E6244B872183BB1D4DDD566CFF1927A2FBF77BDBDC38704017091CC141BD1E7CF0FEF5EBBF1C3AA4DBBAEF162C5FFED9B0A1DDD3D3A34EA4476DDFBE323EEE5BF9467BF786BBD67BD64D9F1E22BBDDB9639574903DC4EEFAE6C5179F0D0DE91F1A3AE02F7F7944D6D2AE5BF771F359D9C3B469A36AD6FCCFCF3F9F366A54DFD494ADB2D1082B37335ECFFED64D214EFED3D132BA957BC4FBFE5D3AB7DABF7F639B364D6CB654CFFEE1EB164AEC58BEECB3552B673FF75C9DD55FCF91A575EB26470E6F31F71F1BBBF6AA5BC068B86E81B49DD2C1B80546BA6F01F37E748595F23E7EFFB947286FD3EDA9DB6BF6BF7C2971D2A4A0BFFEB5EEC48941DFAEFDE285179E993061A8B10CFBEFFF7E583AD86DA9F24AD1A3FB5B9B7E58D2B0E10B7D7A779C33677283067F9D3F7FFA0B2FFC6FB91F8FBFD5ED8DBF41565656D5AA557DF17688EC53F67CE1C2055F0FD27BC6BB76123C8F165E15B3ED385A60AC8D2B64B4EDEE2DA9EEFE32AF2D58303D3D7DE7860D5F4E7F6FD4DAB5AE14224F7DF2F1B8F5E10BA5BFEBBD90D4ADC5F69F9111DDBFFFDB9EFB5FF7DDFC4F3F9DF0E3C998A143BBCD9D3B65C7F615C386754F3BBE2361DFFA59B3264D9E3C7CFCF8210BE64F9F6F2CF2B55DBBB6993DFBDDFD09EBE56B6377AD19376EB0B92B636E757DAF7EFD3A9D489729F8E8D6C865E1E10BBB746925CF86850D48350EC6F8F7E2CD8CD7B3BFA55388F33A3375299FCE3367EA409AA3BD772BF78897FDB76F5B3E68D03BB265CDEAB963C60C74F7FFE69B7921A3FB4D9D3AF2BD6923254C3CF6D89FA7198D975FFEEB80019D657E3782B8DC0243CCFE4509DB750B480A912D5BB72E0B5FB7A04BE737656358E8002388A7BABA95EBF1FBDB3D42793B6F4BDD5EAFBFCD9672E86044C78E2DF6EEF94E72F02BAF3CFFEDB75F7CBBF6735924499BFDB37F39D0A3C75B9B362D59B8E07D7327F230F150845469B91F8FBFD5AD57DF60C68C198D1A352EF71422FB9C3EFD7D5F8FB04C8CBC2C673FB5C058BB96C26BE3B1F678E8EE268D2FBE98F6EDB79FCBF63DBBBF9B3E7DF4DA6FE62D5A3443E6C4B7DA36DBB56BB56C1F32A4EBB1A35B8BED3FE34494F15E886B872B56FCE3B3CF2676ECD0C26E4F39733A56E2B0FC5B302EEE9BF9F3DF3B737A97D93F3525F2B5D75EDCB8F14BF30056AD9C25CFBA8F276AE7CA7AF59E090D957FFFF537DE0BE96FBC17F2D891239BDD876D4CC1A9AE293835F2E7B3BB8D293835E7F2A15F7ED95FA6F17A9E1FABA710E7757E885E4AF506C60FCB6FC2ADDC23DEF4DFB3FBDBA64D1B64671F30FB8F1AD54742B6BBC3871F8E1939A2B7FCCB52C2C7E38FFFF9FDF7477FF0FE6899D68F1DDB66F6DF69DE0221D7BD05A45B972EC62DE00AE29167E51630F2FA65B905B2AE710B94F5F8FDF31EA1BC7D5DB737ECDFA77787733FEF3D7A74EBABAFD68B89F97A57CCD7B2965A35FB4BC11BEF852C96E97DD8D0EEF26A7260FF865AB51E92FAF4D1F1F84FDD7AF50D727272EA3CF5D4942953CB3182C8DE649FBF645FF4F508CBC4A8D414873D45D6AE8BE16E3852CCC56C176EB1176E341B9FCF9BF256DBA6A1A1FD24C34E9D3A7CCD9A399242C6840D58B7EE0BB3FFE041EF1C3D1A596CFF274EECE8DFFF6DF7FEE7BA9247E35FB21272720E0D1CD0393C7CFEB4692364BAB4D90EBB8FE7F2A543BD7BB7CFCB4B92F6F2659FCE9F3FCD7D3CA74FC71C3AB4D1ECF6E69BAF998DD4942DD9D9FBDDC7DFB9734B590F1EFC8EC49DE0E01ED2CD6E3BB269D35713C60F29D3783DCF4F00A4106759FEFAB5E7121873B4F76EE51E29BDBFDD7E64F6EC498D1ABD78EEDC1E773729CEB7DF7E2324A49FDC11C5FA376FFE8AD96DDBB67F65FE14676E3C7DCA750B987D5CB780B1312565F3C5EC03EEC3905B401AAE5BA0638BE0A01EE69D22B7C0F8F1836FE5F8FDFC1ED1BCBC7D57B75EF6EFD0A1F9EBAFBFF2CF2F3F90B5BBBFAB6D743BF7F39E1E3DDAFE10B168C102F95765CA2FBF2474EAF446AF5EED060DEA929B9BE88BE3F19FBAF5F61B64646454AD5A75C9D2A5E5124156AC5C79DF7DF71D3B9EE6D3B1DD04A352E5F5FE88C3EE5ABB1B856BA351BC43D1C36FD7CE8DDDF5B5347E3CB933E2FB2F17FDF3FD458B3EF0ECDFBD7B9B6347B7787EF9DA6FE6BCF8E2330BE64FF3DC7F54D4F2A54B3E7CF5D517A2A35698FB5FBEECE3397326153B9E533F463DF3CC934F3EF9DFBB77AFB9E6F1D4AFFF5CB1E3FFE5977D7FFFFBDF3EFA284CDA830775D99FB04E1AFFFCE7FB5DBBB6EAD5F32D39EC328DD7F37894CFB0E5A5AC3375C0CCD1DEBB957BA4F4FE5B2397040575CFCB3D54ACBFDD963C26ACFFF66DFF72F7FFE493B1F5EAFD6F5858FFD2F72FB740B1E3C9BED12D702BC7EFFFF788CEE5EDBBBAF5A6BFDD7EB84BE796C78F474ABB458B86B2CECF4BECD8B1F9D34F3F6E76483BBEB547F7B6ABBF9E357FFED44D3F2C7AEDB57A7B767F233BFCE2F329CBFEF571B91F8F5FD56D19BE417ABAEB0F984880B8C508225146F6B37DFB0EDF8DEAA6C98115B8AE846B7138CC8B54B4B65FD95E7263C9FEB93907F3F30E79F6BF743141E653CFFEB9B9076DF989D7DC7F4ECE81D2F76F4CA97B4B399E2347226EE5F8CBD4DF1F66D8F2E2FD4C1D4873B4F7CAF11EB9E9FE172F26C8DD74C3FE470E47DC9EE3B1D03DA26D79FB43DD96D23F3F3F31EBC26EF3295B7E92C39EAC4FDD96ED1B444747DF77DF7DB7F2A319F9DAAA55ABA61E3DE693D1DC32E3134CC90E875440B2510746A3E4BAB0CF618FB6D6FDFD64862D2FDECCD40136477B8F7BC4EAF7889EE54DDDFA6DDD96F91B646464D479EAA9468D1A97F5B766A4BF7C957CAD1FFE20C6CDC8CB49C6625E06C9A4850FDD0D7707C7D50F75EEEF3F336C79297DA60EBC39DA7BDC2301708F6858DED4ADDFD6EDCD7C839C9C9CE9D3DF9732EDD6BDBB375944FA484FE92F5FE56F1F472DC6F8D961A27125128B1A4966A3D8F662CF6ADEDFAF66D8F272BD993A20E768EF718F04C63DA25B7953B77E5BB737FF0DB2B2B2468E1CF9C0030F3CF4D04303070DFA7AF5EA9D3BA38E1D4FCBCDCB97B5B465CBA0C183E559E9133C7CB8F42FC7E3F611232F277ABF381C87E85FE07F336C7929395307EA1CED3DEE9180B947B42A6FEAD66FEBB61CBEC19E3D7BC68E1DEBFA694B9D3AF7DD77DF9D77DE296B69CB9690D050FFF93F62BC71C71D7738EC070B5CD7E390C351D8702FEE2D259FD2B9BF9CB18A152BAABE74BEE2395307F01CED3DEE9140BA47F4296FEAD66FEBD6EFE2B95AD5AB573F91BEA9C071C05C9C05078DC64163397075FB605187839AF7CF38B1F9DE7BABAABE743E64CED42B56AE0CE039DA7BDC2301768F6852DED4ADDFD62D29E42AB56BD78E895EE2BE12058EFD1E8B5C18F746D7DA79A583D6FDE58C3DF9E49F555F3ADF8A8C8C94395AD6AA0F443DEE91C0BB473A77EE1CF0E54DDDFA6DDD9242AE1212121214D4C559201720C17DCD9CB214785EC2620F1334EF3F3CF89DD1A3BAABBE743E3776EC58D587E017B84702EF1EF1C3CFAC943BEAD66FEB36F08BAF4C6262626AD478203F6FB7D37525E492241897A470F17C58FC295DFBCBB9AA59F38F513B17A9BE743EA7C34CED0DEE91C0BB4774A86DEAD66FEB36F08BAFAC5AB468316DEAE002C73EA7639F6B5DE06A18D7A9688BB1B1A0F0D90463D9A76D7F39572D9AD7577DD16E071D666A2F718F04D83DA2496D53B7FE59B75A145F99242525FDFAD777EFD8B6C075CD5C9764AF2C4E63ED6AB8B75C796A9FD941C3FE3F44CCA956ADCAA1835FABBE68B7832633B537B847CA7A8F241E5AADFAA2954693DAA66EFD736ED7A2F8CA6AF7EEDD725B467C3FBBC0B1C759605E15D7E27AE8286A146D31DB6643ABFEDBB7CD97B3B4EEBB4F545FAEDB449399DA4BDC2381748FE853DBD4AD1FD6AD2EC55756EBD6ADFB7DB52AD3A60EB4E5ED2A70EC7616EC36D74EC7EEAB1E1A5BAE6A14EB1088FD6DF9BBE4CC54FAF5DDBBE317ABBE50B78F3E33B597B84702E61ED1AAB6A95B7FAB5B8D8AAFAC9292929A377FE9A11A7F080E7A7B57F49719E9E1058E38E352C59BEB0269B8DA57370A0A9F757AB6ADDFBFC01E77223D3C266A617050A71A35FED0A2F94B49892B555FA2DB4AAB99DA4BDC2381718FE856DBD4AD5FD5AD5EC577136262624246777DF2C95AD5EFAB7A47C58A15742563973350FBC95A723662A217AABE2C0A54D06CA6F61EF788C9BAF748052D6B9BBA3529AF5B1D8BCFA2F87B156A55D072A6860EA86DB5349FDB293E6BF8FCF3CF65A6484B4B537D20FA62A646A0A2B6D5D2FCFC6B3D78ABC8C9C9F9B77FFB37A9D4A64D9BAA3E167D693E53208051DB6A697EFEB51EBC55B46FDFDEFC015E952A55C2C3C3551F8EA6349F2910C0A86DB5343FFF5A0FDE121213137FF5AB5F9929E4AEBBEE7AF0C107F3F2F2541F948E349F2910C0A86DB5343FFF5A0FDE126AD5AAE5F979E6FBEEBB6FC28409AA0F4A479ACF140860D4B65A9A9F7FAD07EFFFCCBFF457CC6F7FFBDBCCCC4CD587A61DCD670A04306A5B2DCDCFBFD683F77F13274E94027DECB1C71A3468208D071E7840D68F3EFAE8679F7DA6FAD0B4A3F94C8100466DABA5F9F9D77AF0FE2F2222420AF4DFFFFDDFCD0FA8CAFA37BFF98D34D6AD5BA7FAD0B4A3F94C8100466DABA5F9F9D77AF096101313939595E52CAA54696FDEBC59F1316949F39902018CDA564BF3F3AFF5E0AD45F34A558EF38F40456DABA5F9F9D77AF0D6A279A52AC7F947A0A2B6D5D2FCFC6B3D786BD1BC5295E3FC235051DB6A697EFEB51EBCB5685EA9CA71FE11A8A86DB5343FFF5A0FDE5A34AF54E538FF0854D4B65A9A9F7FAD076F2DBFFAD5AF541F82D6349F2910C0A86DB5343FFF5A0FDE5A34AF54E538FF0854D4B65A9A9F7FAD076F2D9A57AA729C7F042A6A5B2DCDCFBFD683B716CD2B5539CE3F0215B5AD96E6E75FEBC15B8BE695AA1CE71F818ADA564BF3F3AFF5E0AD45F34A558EF38F40456DABA5F9F9D77AF0D6A279A52AC7F947A0A2B6D5D2FCFC6B3D786BD1BC5295E3FC235051DB6A697EFEB51EBCB5685EA9CADDFAF94F4949D9B163C7AE5DBBE2E2E2E20DB1B1B1515151C9C9C9C57ACA53616161B7F8ED002F31B7A8A5F9F9D77AF0D6A279A52A57FAF9CFCECE6EDAB469972E5D7AF5EAD5A74F9FD75F7FBD4D9B36BD7BF7EED6AD5BEBD6ADD7AC59237D860F1F3E6BD6ACD5579B33674EBF7EFDCC9D6CD9B265E4C891B293F7DE7B4F1A93264D6AD4A8517070707474F4ED182174C5DCA296E6E75FEBC15B8BE695AA9CF7E7BFA0A0E0F9E79F3F7FFE7CB1ED122CB66EDD2AC963FDFAF51B376E94B5B4B76DDB366CD83079363333333E3E7EFFFEFD925A248E2426264E99324582C8810307F6ECD973EEDCB9721E0F5084B9452DCDCFBFD683B716CD2B5539EFCFFF840913FEF0873F646565252424786E971412131313151525A962DFBE7DB29687B1B1B1C1C1C14EE3E7354B962C193366CCF0E1C3471791F6D8B163172F5E9C969656FE43020CCC2D6A697EFEB51EBCB5685EA9CA7979FEA74D9BD6A74F9F162D5A9C3973E685175E888888703F252924353575E9D2A5A3468D0A0B0B9390B17CF9F2E3C78F9B29C4D4AE5DBB8D1ED6AF5FDFBE7DFBF21F0CE081B9452DCDCFBFD683B716CD2B55B91B9E7FC913CD9A359348515050202944B6646565D5AF5F5F9284D9C14C2183070FCECCCC9487172E5C183A7468C914F2AE8749932675ECD8D16763025C985BD4D2FCFC6B3D786BD1BC52952BFDFCA7A5A53DF2C8236BD7AE351F9A29449C3B77AE6EDDBA191919CEA214121414544A0A193060C0840913DC2964FCF8F1925A7C3524C0C0DCA296E6E75FEBC15B8BE695AADC0DCF7F7E7EBEBBED4E21E2E2C58B66C34C21F3E6CD1B376E9C9930E6CF9FEF9942D2D3D357AD5A151A1A9A9B9BDBB3674F79281BE5D9A4A4A4721E0CE081B9452DCDCFBFD683B716CD2B55B9329DFFD75F7FBDE446C913292929C5364AC218316284D9EED0A1437272B2F92398B367CF868787CF9D3B372222E2D5575F3D79F2E4CD1E387003CC2D6A697EFEB51EBCB5685EA9CA95E9FC3FF7DC7325370E1932A4D86FCD48FEA857AFDEE6CD9BA59D9191F1C9279F48E3830F3EE8D3A7CFC89123870D1BD6B973E7CB972F9F3A75CA66B3DDD2D103D7C7DCA296E6E75FEBC15B8BE695AA1CE71F818ADA564BF3F3AFF5E0AD45F34A558EF38F40456DABA5F9F9D77AF0D6A279A52AC7F947A0A2B6D5D2FCFC6B3D786BD1BC5295E3FC235051DB6A697EFEB51EBCB5685EA9CA71FE11A8A86DB5343FFF5A0FDE5A34AF54E538FF0854D4B65A9A9F7FAD076F2D9A57AA729C7F042A6A5B2DCDCFBFD683B716CD2B5539CE3F0215B5AD96E6E75FEBC15B8BE695AA1CE71F818ADA564BF3F3AFF5E0AD45F34A558EF38F40456DABA5F9F9D77AF0D6A279A52AC7F947A0A2B6D5D2FCFC6B3D786BD1BC5295E3FC235051DB6A697EFEB51EBCB5685EA94AD86CB6458B16656565398BCEFF9E3D7B76ECD8A1FAB880F2C4DCA296E6E75FEBC15B8BE695AAC4F8F1E3E5B457AC58B156AD5AD2A85CB9720583F9BFE0028181B9452DCDCFBFD683B716CD2B55898913275628E199679E090F0F577D6840B9616E514BF3F3AFF5E0AD45F34A55E2ECD9B377DE79A7670469D8B0E13DF7DC939999A9FAD08072C3DCA296E6E75FEBC15B8BE695AACA9021432A56AC6846904A952A490A99306182EA8302CA13738B5A9A9F7FAD076F2D9A57AA2A79797955AA54315348FBF6ED1F7EF8E1DCDC5CD507059427E616B5343FFF5A0FDE5A34AF5485D6AC5963FE5CA6468D1A7C22048187B9452DCDCFBFD683B716CD2B55AD679F7D56CE7FF3E6CD551F0850FE985BD4D2FCFC6B3D786BD1BC52D54A4B4B93F32F6BD50702943FE616B5343FFF5A0FDE5A34AF54E538FF0854D4B65A9A9F7FAD076F2D7A566A7474F4E8D1A36BD7AE7DDF7DF7DD71C71D25FF7A872664EC7206E43CC8D99073A2FAB220A054D0726EF11F9A9F7FAD076F2DBA556A5252528B162D1E7EF8E1E1C387EFDC19753C2D3D2FDF966F93C56E2CEEC6351F96DC6EEDFE79F9F97206E43C0C0B0A9273D2BC79F3C4C444D597080142B7B9C5DF687EFEB51EBCB56855A9BB77EFAE54A9D2E4C9932FE7E448F6305E8C5D6B9BCD0C22D7586C76773BC0FBCB399932654AB56AD5D6AD5BA7FA4221106835B7F821CDCFBFD683B7167D2A555E5C65B0919191C62B71BEF10E88EBE5B8A86DACEDB6FCABB7782E3AF4DFB071839C25896BAA2F172C4F9FB9C53F697EFEB51EBCB56852A9494949BFFFFDEF376E5C9F6FCBB3D9F2F26DB9B2988D620F5D1DEC7966377743ABFE91915B7EFDEB5FF3A319DC224DE616BFA5F9F9D77AF0D6A249A5B668D162F2E449C64BAFBCEEE6B81AF6DCA217E3C276D1961C737B61372DFB4F9932B9D9EB4D555F34589B26738BDFD2FCFC6B3D786BD1A1526362621E7AE8A19CDC8BF2FA6A93C5F5EA2BEB9CFCA2B6B9D8CCB5DDDDC8D5B6FFE59CEC9A351FE2B766702B74985BFC99E6E75FEBC15B8B0E951A1212121C1C6CB35D365E892FCB52EFEF8DBDFC5D56B3BFEBB5B9E8CBAF34ECC646B3833DC773FF01D03F2868C8E8D1A3555F3A58980E738B3FD3FCFC6B3D786BD1A1526BD7AEBD634764BEED92F18A7BE9C5971BFEE8741E77380FDB9C07F39C7BF39CB1D9F6192B7FD890712126DF199DE38CC9716EBBE4DC98EBFC705B42F71E3D8D97E7CBEE2FF76C9B0FAFB46D854F0540FF9D3BB73EF9E413AA2F1D2C4C87B9C59F697EFEB51EBCB5E850A9D5AB573F7EFC88CD7EC95C64C8D94EE7C502E705BBF3E77CE725A773C8A8B00A157FF36CC3E61936677A9E333DD7792CC779C4EE5CB673AF74B6B95EA12F9A5FEB6AD88CFDD82E998D7CF7C3A2FD0746FFB4F4947BEFBD57F5A58385E930B7F833CDCFBFD683B7161D2AF58E3BEEC8CBCFB6B95E802FCAEBAB0CF992C399E7703D652F70ADBFF96EFDFD351F1D3D71BADDE9FCC5EEBC6073FE6C739E773A37EEDAE74A2176E325DCF5427ED178392FDC4FE143CF46D1F600E89F9F9F5DB16245B5170E96A6C3DCE2CF343FFF5A0FDE5A74A854E3FD8C5F6C760922D9B2968717EDCEB3979DF98EC20EE7CF9FFFE0E35913DEFB38FDE42979682B70E61BE96447DCDEC2AF35BEB07027251BAE0E57F61F30FD75A80DF80EF5A396E6E75FEBC15B8B0E956ABC9F21AFAC59E6DA95421CCE9F2E394F673B6D4E677E5EDE9F6BD5AA50E18E0A152ABDF95627CF2F8C8DDF7DE56B0B5FAADDFBF168D83DB767054C7F1D6A03BEF3AB5FFD4AF521684DF3FB57EBC15B8B0E956A24892CE395555E62B3CC9FC89CBDEC3CF98BF34CAE33F640EABDF7DE7BC79D77FFBF7BAAB66D77550AD915172F9DEDAE17E92CBB3DCB7327767B6143D666078FA702A4BF0EB5011F3977EE5CE5CA95551F85D634BF7FB51EBCB5E850A9C64F552EB85E68ED17CC17D7CB05CE9F735CEF85FC94EB8CD895F8D8134F55ADF6FB7B2A5799B57059AED3999DE7BC94E7FAC26D51BB0ABFD6F5E5856BE3E5FCCA16E3E5FC82E7FE03A6BF0EB5011F494D4DAD51A386EAA3D09AE6F7AFD683B7161D2AD54812E7EDAE17DDF3B29843962072C1E63C97EF3CF98B6D47C2B127EAD47DE995D7CEE4394FE738CFE438CFE63925876C8B315288DD7CF1762DC62BB7B12B7BE1DAE6B9D1D87FC0F4D7A136E02371717175EAD4517D145AD3FCFED57AF0D6A243A51A49E2BCF1BA2BAFB2E75EA8F7C2BE4387631312A3F6246E8F4FDCBE3B79C7BE944D310777261C8D8C4FDE1A9FB47D7752D4DEE484C3699FCEFEFCCD56ADCCAFB2996BDB79CF8746BBE861D1FE03A6BF0EB5011F59B46851EBD6AD551F85D634BF7FB51EBCB5E850A9C6673BE4C5F59CF1122BAFAFE7FAF6EDE9CD1F4E7DE38D96667F7BD162F3D88F67A3D8FE03A3BF0EB5011FE9D5ABD7CC9933551F85D634BF7FB51EBCB5E850A9460AF9D9663F6B772D3F9B6D9BCDD536D6E6C6C22DAE86B185FE3AD4067CE4B1C71E8B8D8D557D145AD3FCFED57AF0D6A243A51A3F91C9345E62E51537D3662B6CBBB7783E345E9E33E92F8B0EB5015FD8BF7FFFFDF7DF6FB3D9541F88D634BF7FB51EBCB5E850A9C67B2199D75C6CEE86EDDA1D74EEAF436DC0173A74E83075EA54D547A13BCDEF5FAD076F2D3A54AA91427EB2D97E92B5AB61371B99F6C286BB9D795537EDFBEB501B2877C78E1DFBDDEF7E77FAF469D507A23BCDEF5FAD076F2D3A54AA9142CE18AFAC678A5E86CF182FB7EE8D67AED941F3FE3AD406CA575656D6DD77DFFDD5575FA93E106831B79742EBC15B8B0E955A9442CCE5B4B1783E3C5362394D7F59AE591BF1F1F1FDFAF55BBB76EDEDBF8EF07312419E78E289B7DF7E5BF581C04587B9BD145A0FDE5A74A85423859C2A7A7D75374A2EAEA71C8E62DDF4ED5FAC360E1D3A54CBF51FEE14DABC79B3A2EB097F74ECD8B19A356BF6EDDBB7A0A040F5B1C04587B9BD145A0FDE5A74A8542385FC28AFAF0EC72987EB55F647739187C51BC6B3457D74EFEFAE8D9C9C9CF6EDDBFFEA57BF32F3C7A38F3EFAEFFFFEEFF20F5FB597157E62FFFEFD521EBFFBDDEFF8418C5FD1616E2F85D683B7161D2AD54821278D5756599F74B85E867F746F71786C3737BA1B9AF7376BE3F3CF3FFFB77FFB37CF3FE6D6A0418376EDDAA9BEAA50E3DCB973A9A9A971717192397AF7EEFDF8E38FDF7FFFFDD3A64DE3E3A8FE4687B9BD145A0FDE5A74A8543385381CE64BECC9C2D7DA120F1D57B667D05F1ECA791B3B76AC377F64D6E47EB304814A2EF16F7EF39BCA952BD7A953A755AB563366CCD8B56B177F17C43F55D0606E2F85D683B7161D2A55C6E870C80B6D46E1DAF5A25BB814DBE2285AD35F16B336D2D2D29A356B56A54A95BBEEBACB7C297AE08107782FC442B2B3B39B366DDAA54B975EBD7AF5E9D3E7F5D75F6FD3A64DEFDEBDBB75EBD6BA75EB356BD6489FE1C387CF9A356BF5D5E6CC99D3AF5F3F73275BB66C193972A4ECE4BDF7DE93C6A449931A356A141C1C1C1D1DAD7470B82E1DE6F652683D786BD1A1525D29C47EC26E2CD290D75AF7BA70A3C37C019646D143AFFBCF9C396EE3C6A5F2545ADAAEF8F80D09FB220E1CD82CEBB8B8F53F9F3DE0EEDFB36787DCDC63E6FE3B767CF37AFB7FFAE927F3F3D38A1DCFC71F4F3A9CBCCDDD3F3CFCAB0F3F1C5F5EC75F4A7FCFDA080F0F7FF0C107EFBDF75E3388C83F88F95C88151514143CFFFCF3E7CF9F2FB65D82C5D6AD5B2579AC5FBF7EE3C68DB296F6B66DDB860D1B26CF666666C6C7C7EFDFBF5F528BC491C4C4C42953A648103970E0C09E3D7BCE9D3BA76228B8011DE6F652683D786BD1A1522BB87E22932EAFB88EC2D7DD74D7C3C2F509637B61BBA85BBAF7FDF3F28E757DA7EDD6ADABC2C2064F9C38FCF3CFDF1F36ACD78205333A7668B961C3E2E8A8B58306750B0B1D54B7EEE363C60C090EEE336EDCB0FAF5FF3A6142D0D8B143255BC8DE8E1F8FD9B163CDEEF8F57BF77E2F4FEDDDBB313E2E7CE7CE6F8E1F8B310FE3A733FBFEFEF77A67CEEC0B0D19141232B053A7564D9BBE121A3270C080AEB77EFCA5F42F561B79797913274EFCED6F7FFBE8A38FCA53313131AA2E286EDA840913FEF0873F48824C4848F0DC2E29442E68545494A48A7DFBF6C95A1EC6C6C6060707CBB32929294B962C193366CCF0E1C3471791F6D8B163172F5E9C9696A66834288D0E737B29B41EBCB5E850A9C67B21690E479A5DD646A370EDF068175B97A5BFDD765C1A616183BEFBEECBF5E18B5E78E1996FD72EF8E8A3F19B372F9367DF7D77C4B871439F7EFA89F1E3870507F5EED8F18DCC9FF67DB3E68BE5CB67E5E6A6CA17CE9D3B6DF0A06E73E64C95A54E9DC7CC46BFBE9D3FFB6CB2FBBBA4A7C5E4E71FDDB46959D0B05EB287264D1A8C1EDD7FD9B2CFCAE5F8AFD7FF9AB571F6EC59F98732BFA66B45D3A64DEBD3A74F8B162DCE9C39F3C20B2F444444B89F9214929A9ABA74E9D251A34685858549C858BE7CF9F1E3C7CD14626AD7AEDD460F5206EDDBB757310E784587B9BD145A0FDE5A74A85423851C772D0E739D56F8B068A3FD4ADBF594C7C31BF4DFB66D65C70E6F74EDDA56DA61A103BFFB6EC1BAEF16366A545FD69242B6480AB11FEFD4A9E50F3F2C6DDAF4E54D3F2C6DDDBAC98F276383827A496439F5639CB9FF2FBE787FC3FA45E60E5BB67CCDDCFF9AD59F7FF1C574F9D671B1DFCE9E3D65D9BF3E3BF773C29A359FAF0FFFE7D4A9A306F4EF228DB5DF7C917868D3AD1C7FE9FD75A80D4D489E68D6AC99448A82820249214EE32F8CD5AF5F5F9284D9C14C2183070FCECCCC9487172E5C183A7468C914F2AE8749932675ECD851C970E00DCDEF5FAD076F2D3A54AAF1E954F325F698C371CC581F77350AB7146DF76C94A5BF640B6987850D9C342978E8D0EE6FBCF1EA80015D060FEEBA658BA490637171DF3669D2E0A5979E938DAB56CE96FE2121FD5F7BEDA59C9CC3E6977FF1C57BAD5A350E0AEA29CB9FFE54C3D518D6B3458BBFBB5288FD5872F2E6DDBBD7C93EB3B20E4AEC58B56AF63AC93AEB16AE59334F42C9B1A3DB6FFDF8AFD75F87DAD0415A5ADA238F3CE2FE73B7660A711ABF735BB76EDD8C8C0C67510A090A0A2A25850C183060C28409EE14327EFC78492DB77D34F096E6F7AFD683B7161D2AD54821F2E27A54D6058E63856DE3A147E358892DDEF66FDBA6A9348286F5888D5D3B62446FC922EFBE1BFCD14763B76CF9577CDCB72D5BBE76E850C4EBAFBF72E674DCC2851FF4EED5617870AFAFBF9EF3FCF34F4BFF0223856C58FFA5B937D77B214663CDEA79B2DDFD1DDBB66D2AEB458B3E7CE79DD61F7F3CFEE38FC78586F41F35AA6FB91CFFF5FAEB501B9AC8CFCF77B7DD29445CBC78D16C982964DEBC79E3C68D3313C6FCF9F33D53487A7AFAAA55AB4243437373737BF6EC290F65A33C9B9494741BC78132D0FCFED57AF0D6A243A51A3F914975388E16BEE29A6DC7D102636DBCFA1A6DBB7B4B6A99FA4B0AC9CD49EAD6ADCDA1831143877493FE92152485446E592ACFAE593DB74F9F8EFDFA750A0B1DD0A54BABE1C37B8D1ED577D0C02E33678EC9CB3D2C3BF9E28B694386749B3367F2DC3993EBD479541AB2F4EFFFB6A410F7F11841E7E8B27F7DFAE69B8DC68C193866CC20D70EC30694CBF15FAFBF0EB5A1A1D75F7FBDE446C913292929C5364AC218316284D9EED0A1437272B2F92398B367CF868787CF9D3B372222E2D5575F3D79F2A4AF8F193741F3FB57EBC15B8B0E956ABC1722AFACA905C6DAB514BEEE7AAC3D1EBABB79D33F2F2FF9C927FFA777EFF62FBFFCD7D3A7629A34A93F7A74DFB7DA3633DE0B596A764B4A8C58BEEC5369B46ED578CD9AB95FAF9AB57AF51CF7FE3FF964FCECD9EFEEDBBB6EDFBE75F5EBFF9FACA5FDE9A7E367CD9AE43E9EB66D9B7EF9E507B2134927FFFCE70C59A64E1DE14A21B77CFCA5F4D7A13634F4DC73CF95DC3864C89062BF3523F9A35EBD7AE6C7903332323EF9E413697CF0C1077DFAF4193972E4B061C33A77EE7CF9F2E553A74EF157CBFC93E6F7AFD683B7161D2AD54821290E7B8AAC5D2FB4EE8623C55CCC76E1167BE1462FFBC7C5AE69D0E0FFA2A256B67AB39167FF8F3E1CB365CB12B3BFA48AE9D347C9536DDA348E8E5A259D65B9E6FE1B377EA9E4F1A4A66EB9E79EDF7EF6D9C465CB3EF97066587252447272C4FAF005A1A1FD6EFDF84BE9AF436D00814AF3FB57EBC15B8B0E956AA490C3058E230EBB6BED6E14AE8D46F10E65E99F9B73B077EF76FBF67EEBEEDFA573CB871FFECF6347B72C5FF671C78ECD7B746FDBB9F31BC1C13DDAB6691214D47DF0E02ED25F12C99AD5B38BEDFF99679E2CB9FF847DDF2D5BF6B134E6CF9FFAAFA51F49E3C2F9DD2FBDF4ECE2C533CAE5F8AFD75F87DA000295E6F7AFD683B7161D2A55C658E07A95752D0E87F9025CB4B65FD95E72E34DF777D8936F6EFF49891B4BE99F9B73202FEF90B9D1664BF2DDF19B0D1D6A0308549ADFBF5A0FDE5A74A854E3D3A9120B920B1CC9D228301B25D7857D0E7BB4B5EEAF436D00814AF3FB57EBC15B8B0E956ABC1792642CE64B6C92C35EF8D0DD7077705CFD50E7FE3AD40610A834BF7FB51EBCB5E850A9C6E742128D57D9C4A24692D928B6BDD8B39AF7D7A1368040A5F9FDABF5E0AD45874A35DE0B49F47E71380ED1BF8014025899E6F7AFD683B7161D2AF58E3BEE70D80F16B85E6B0F391C850DF7E2DE52F2299DFBCB19AB58B1A2EA4B07E026E930B79742EBC15B8B0E955ABD7AF513E99B0A1C07CCC55970D0681C34960357B70F167538A879FF8C139BEFBDB7AAEA4B07E026E930B79742EBC15B8B0E955ABB76ED98E825EE57D902C77E8F455E74DD1B5D6BE7950E5AF79733F6E4937F567DE900DC241DE6F652683D786BD1A1524342428282BA380BE4C535C1FD7AEC94A5C0F3E5B9D8C304CDFB0F0F7E67F4A8EEAA2F1D809BA4C3DC5E0AAD076F2D3A546A4C4C4C8D1A0FE4E7ED76BA5E65E5E536C178B92D5C3C1F167F4AD7FE72AE6AD6FC63D4CE45AA2F1D809BA4C3DC5E0AAD076F2D9A546A8B162DA64D1D5CE0D8E774EC73AD0B5C0DE335B8688BB1B1A0F0D90463D9A76D7F39572D9AD7577DD100DC3C4DE6F6EBD17AF0D6A249A5262525FDFAD777EFD8B6C0F57AEC7AB9DD2B8BD358BB1AEE2D579EDA6776D0B0FF0F1173AA55AB927868B5EA8B06E0E66932B75F8FD683B7167D2A75F7EEDD32D888EF671738F6380BCC575CD7E27AE8286A146D31DB6643ABFEDBB7CD97B3B4EEBB4F545F2E00B7449FB9FD9AB41EBCB56855A9EBD6ADFB7DB52AD3A60EB4E5ED2A70EC7616EC36D74EC7EEAB1E1A5BAE6A14EB1088FD6DF9BBE4CC54FAF5DDBBE317ABBE50006E9556737B495A0FDE5A74ABD4A4A4A4E6CD5F7AA8C61F8283DEDE15FD65467A788123CE78198E37D705D270B5AF6E14143EEBF46C5BBF7F813DEE447A784CD4C2E0A04E356AFCA145F397921257AABE4400CA816E737B315A0FDE5AF4ACD498989890D15D9F7CB256F5FBAADE51B162055DC9D8E50CD47EB2969C8D98E885AA2F0B80725341CBB9DD4DEBC15B8BE695AADCD8B163551F028000A4F9DCAEF5E0AD45F34A558EF30FC017349F5BB41EBCB5685EA9CA71FE01F882E6738BD683B716CD2B5539CE3F005FD07C6ED17AF0D6A279A52AC7F907E00B9ACF2D5A0FDE5A34AF54E538FF007C41F3B945EBC15B8BE695AA1CE71F802F683EB7683D786BD1BC5295E3FC03F005CDE716AD076F2D9A57AA729C7F00BEA0F9DCA2F5E0AD45F34A558EF30FC017349F5BB41EBCB5685EA9CA71FE01F882E6738BD683B716CD2B5539CE3F005FD07C6ED17AF0D6A279A52AC7F907E00B9ACF2D5A0FDE5A34AF54E538FF007C41F3B945EBC15B8BE695AA1CE71F802F683EB7683D786BD1BC5295E3FC03F005CDE716AD076F2D9A57AA729C7F00BEA0F9DCA2F5E0AD45F34A558EF30FC017349F5BB41EBCB5685EA9CA71FE01F882E6738BD683B716CD2B5539CE3F005FD07C6ED17AF0D6A279A52AC7F907E00B9ACF2D5A0FDE5A34AF54E538FF007C41F3B945EBC15B8BE695AA1CE71F802F683EB7683D786BD1BC5295E3FC03F005CDE716AD076F2D9A57AA729C7F00BEA0F9DCA2F5E0AD45F34A558EF30FC017349F5BB41EBCB5DCB052535353A3A3A3E3E3E365BD69D3A6152B564C9F3EBD67CF9ED9D9D9EE3EE3C78F97EDEE87999999FFFCE73FBB75EB56726FFFFBBFFFEB70388A6DFCF4D34F535252DC0F376CD8F0F1C71FDFCC602CC266B32D5AB4282B2BCB5974FEF7ECD9B363C70ED5C70520709042600D37ACD4A3478FCE9E3D7BE1C285CB972FFFDBDFFE265944B6FCFCF3CF76BB5D9E3D78F060BF7EFD424343BB74E91212123278F0E0D6AD5B4B2891D754B3833871E2847CD5DEBD7BF7EFDFDFA0418384840479D18D8989494F4F373B9C3D7BF6D5575F95EC12161626BBEADCB973B366CDA43D68D0209F8E5D15393F72DA2B56AC58AB562D6954AE5CB98261F3E6CDAA0F0D40802085C01A4AAFD4D8D8D8B7DF7E3B38385832C1B871E31E7DF451594B50080A0A92ED717171050505111111494949D279E0C081E7CF9F9738929B9BEBB993CF3FFF7CC89021F30C4F3DF594D9E8DFBFBF841B779F8C8C0C492D919191F2BD3A75EAD4B46953C9349EEFAF04928913275628E199679E090F0F577D68002C8CF759DD482196E14D5E7EE38D3724798C19334652C8D8B1632591B46FDFFEE2C58BF2D4E5CB9725798C1E3D3A3E3EFEBDF7DE93EAEFDDBBF7CE9D3B25BE98EF9A489F050B167CFFFDF7E6AEDE7CF34DB3B176ED5AD92E8DDDBB77CF9D3B5702C7850B1764E3C68D1B653F1268A4F1DD77DF252727FB6AE4EA9C3D7BF6CE3BEFF48C200D1B36BCE79E7B323333551F1A000BE37D5637528865789342E43572A7A1418306664372C9A54B97E42929EE4993264D9B36EDE9A79F9E32658A24951E3D7A7CFDF5D72FBFFCF2AA55ABF6EEDDEB345248EBD6AD830D8F3CF288D9903D9829E4C89123D2AD65CB96D9D9D9123B56AF5EBDDEB0D6909696E6EB33A0C490214364A63027884A952AC9199E306182EA8302606DBCCFEA460AB10C2F53C83643FDFAF5CD46F3E6CDCD4FA76665654956D8B469D36BAFBDF6FDF7DF4B8CE8DEBDBB6CEFD2A58BFB53A8A5BF17627AEBADB764BD78F1E2AE5DBB7E6A080B0B1B3D7A74B98ED58FE4E5E555A952C59C23DAB76FFFF0C30F17FB3116009415EFB3BA91422CC39B14D2AD5B37C90463C78EFDCB5FFE62FE44A6478F1EE7CF9F771A2964F6ECD9AB57AF6ED4A891ACD7AD5B27F9C35922850C1D3AB4D8E742060C18503285AC58B1A255AB56E30CFDFBF71F33668C2F86EC27D6AC5963CE17356AD4D0F05F2A007C81F7594DA410CBB8610A3978F0A0248FC993274F9D3AF5F1C71F9F3265CABBEFBE2B5B0E1C386076E8D5ABD7B163C7DE79E79DE1C387474545B56EDDDA79750AF9C73FFE3177EEDCFD86060D1A988DCF3EFB6CCE9C39EEEF222964D1A2459242249D7C6578EFBDF7023B8588679F7D56CE7FF3E6CD551F088000C1FBAC26528865949E422449FCF2CB2F999999595959172F5E6CD9B2A5ACA52D5BB2B3B3E5D9EDDBB79B614252484E4E8E648879F3E6398D14E2FE4D5D4F4D9A3429B951424CE5CA9567CF9E2D29E4A38F3E3A62D8B06143585858398DD24FA5A5A5C9F90FD4CFBE005082F7599DA4100B293D85242424F4EDDB37282868D4A85121212123468C90F5C89123870E1D6ABE05E2347E4DA675EBD613264C48494969D8B0617E7EBE6C74FF124D31F2AFFF921BF7EFDF6FFE52EEC2850B972D5B260D893EF5EBD75FBA7469790CD1AF69FE3BFD007C81F75999582DA37C5F05F3F2F2CC86C488828282921D0E1F3E5CFA97DB6C36B35DF24FAC069EC8C8C8FFF88FFFD8B2658BEA03011050789F95146219FC5B5C15091FBFFBDDEF56AC5C294144C3DFE607E0539ACFED5A0FDE5A34AF5455CC081211F143BECDFEC30F9B0822006ED1DEBD7BC78E1DDBB469D3A79E7AAA7AF5EA77DF7DB7ACA52D5B64BBF9D79BF4C10B9B6554AC58F19A3F3A81EF78461073218800B839595959A1A1A1FFF99FFF59F2EF9515237DA4A7F9F7DD031E29C4322A57AE7CEEDC39D547A1919211C41D44643B9F1101E0A5BCBCBC99336756AD5AF586F9C393F497AF727F862F5091422CA3468D1AA9A9A9AA8F4217D78B20E622DBF9B02A006F6464643CF5D4539EF142668F4E9D3A7DB5784974744C5AFA898B972ECB5ADAB2A543870EF2AC67E7BA75EBCA1E540FC28748219651A74E9DB8B838D547A185D2230841048097A2A3A3AB57AFEE8E140F3FFCF0E2254B7372F34A995BE459E953B3664DF757C91E643FAA87E22BA410CB68DDBAF5A2458B541F45E0F32682104400DC9044874A952A9949E2EEBBEF9E3163C6A5CB39379C58CC457A4E9FFEBE7C95F9E5B29F400D22A410CB98397366AF5EBD541F4580F33E8210440094222323C3FD2E48B56AD5366FDEE2E5ACE2B9C857B93F4D227B0BC81FCD90422C233636F6B1C71E537D1481ACAC11842002E09AF2F2F2DC9F05910892947CF8262288B9C8D7BA8348DDBA7503EFC3AAA410CBB0D96CF7DF7FFFFEFDFB551F48602A19414E9FF9A994A9C1F3598208004F3367CE74FF20E6E6DE0529F68EC85D77DD65EE50F6AC7A70E58C146225D3A64D6BDFBEBDEAA308402523484868A864BE438949D79C1464BB3C2B7D0822008AC9CACA72FF9ECB8C19336E318298CBF4E9EFBB7F7D37C0FE8E0829C44A4E9F3E2D2F96E67F4D87F272CD0862DEF0D70C226604313B1044001413121262CE0F7FFAD39FBCFF386AE98BECC7FD5B33A1A1A1AA87589E482116F3D5575F492D06581656A8940872CD20E219410822004A72FF75D4C54B96964B043117D99BB95BD9BFEA2196275288F5F4EDDBF789279E2088DCBA6B7E16A458C8F00C22252388F92C9F110160DAB3678F3933C83C50FADF0529EB227B93F9CADC7920FD5F33A410EB292828E8D4A9D3DD77DFCD8F666EC5F57E23E67A51237CFD8652028AE74210010298CD669B3A75EA82050B3233334B3E3B76EC5873729059BA1C2388B974E8D0C1DCB97C97DB3F701F218558D5575F7D252FA2EDDBB7E7B7666E42E9BF947BCD2052B162456F22084104086C2B57AE3467803BEFBC73F0E0C1C57E75B669D3A6E6B35F2D5E52EE2944F669EE5CBE8BAAE1973B5288859D3E7D7ADAB469F25AF8D8638FF5EAD56BD1A245717171A9A9A9E7CE9DE37FDF2D85377F17E49A41C4CB084210010258565696FBDF24D2A852A5CA9A356BDCCFBAFF4C4874744CB9A710D9A7B973F92E0ACF40F92285589ECD668B8D8D9D397366EBD6ADEBD4A953A3468DCA952B97FC873B4CDEFF69B25282C80D230841040860B56AD5F29C10EEBCF3CE679F7D362D2D4D9E72FFBDD4B4F413E59E42649FE6CEE5BBA83E07E5861402BD94E9AFA386AFDF5032CFC916D9EEE51E7EF861930411F78F8A010436F7FFFC72F1D2E5724F21B24FF777513D95961B5208F41219192941E4FB8808DE0B815AC78E1DEBDAB5AB34F619A2A2A2DE7CF3CDC4C4C4DDBB776764649C3B77EEADB7DEEAD7AFDFF0E1C3434242E41FDFA3478F0E0E0E1E387060C78E1DCDCF457EFFFDF78D1B37FEF0C30FA55BDFBE7D6BD7AE2D7D828282BA75EB76F2E4C98B172FB66FDFFED1471F9D376FDED1A3479B356BB6BAC8ABAFBEAA7AF4D656B97265732AA854A9929CE4871E7AA8458B16BC1772734821D08E374184CF85C0D77AF7EE7DEAD4A9AFBFFE5AB2C5279F7C3273E6CCE79F7F7ECE9C39922A76EDDAE534FE2F92E4E4E413274EFCF8E38FAFBDF69A7496F6E1C387737272DC3BF9E5975F1C0E477E7E7E8F1E3D6C365B7A7ABAB43DBFCBE0C18325D048A373E7CEEE8DFC09E65BE1FE5DDC860D1BBEF2CA2B356BD60C0F0F773FCBE742CA8A14021D951E44F81D19F8DA860D1B1E7FFCF1912347366BD6CC4C159215CCB746DC4E9F3EFDDC73CFFDC3F0C4134F988D175F7CF1C89123F26C4242C2B061C3B2B3B3A53D7AF4E8C4C44469C4C4C4C84ECC0FA7C7C7C7F7E9D3A776EDDA7DFBF6FDF8E38F9B376F2EDD42434365CD7B21B7222222A282F11FCBDD73CF3D13274EE477646E1129049A922052A54A15FE5E0894B878F1E28F3FFE387CF8F0E4E4E4D9B36777EBD66DD0A041DDBB771F3060409B366D4E9D3A257D323333BB74E962F66FD1A285D9E8DFBFFFF1E3C7CD76747474BF7EFD366DDAF4CC33CF4863E8D0A1126B24798C1933C6FD8DFEFCE73F474545C9B73B7CF8F08913274E9E3C29EB9494940B172EDCD601079675EBD6CD9A35EBECD9B3259F727F08AC43870EE59E42F87B214040E16FA742A1AD5BB77EF6D967D2B87CF9727C7CFCFEFDFB0F1C3890909090949464763873E64C93264D8283835F7FFDF5471E79448248505050A3468D525353DD3B3976EC98C3E158B162C5D1A3473FF8E003F9922FBEF842DAE6B36BD6AC917FB277EDDA75E9D2A53366CC90174E793867CE9C8F3EFAE8D0A143B77FC83AD8BB77AF3933F0B753BD440A81D6F87F64A0C48913271E7CF0C1BE7DFBF6EAD54B6287648B7F1669D5AA9567CFC8C8C88913274A0491E8F0F5D75F17DB8F6CBF74E9D2D0A14365875DBA74397DFA74585898F9547676769B366D060D1A94919171FCF8F1B8B8B883070FBEF6DA6B92756262626ED338B5E4EBFF47E6BFFEEBBF540FB13C9142A03BFE4F5D2861B7DB1D0EC7FEFDFB25130C1B36CCBDBD43870EEEF6CA952BBB77EF2EDDCC9FC88484844C9E3C59BED07C363C3CFC1FFFF887D3F8B4697E7EFE3BEFBC2329C4FDE398458B166DDFBEDDFDE9D479F3E67DF5D557CF3DF7DC92254BE6CE9D7BBB46A9A3D0A209A466CD9AFC9FBA37440A01AE1D444AF9F0A919448820B869870E1DAA57AF9E048E69D3A6EDD8B1E36F7FFBDBBB455AB76E2D1D121313DBB56B3761C204F3A3A6EE4F232E5CB8F0AF7FFD6B5454546E6E6E83060DF2F2F2525353DBB469E3347E0BE6CC9933F21225E964DDBA7566FF8103079E3D7B56D2C9C993273333339B376F2E6B699B1F3D812F64656555AD5AD54C0CD3A7BF5F2E2944F663EE50F61C60FF9529290470B9E667444A9914F82C086E85C3E170BFA5218163F8F0E1E78BF4EEDD5B36FEF4D34F070E1C70F77FFEF9E7DD6DC910D22D363676CE9C39090909F5EBD7CFC8C890EDC3860DCBCFCF6FD9B2A5E418738BE8DEBDFB891327962C5922F9E6FDF7DF9F316386ACA5BD68D1A2DB375AFDCC9C39D30C0D77DF7DF7E6CD5B6E3182C81EEEBAEB2E7387B267D5832B67A410A090F77FDCDD732182E036707FE0B424779AB9A6D3A74F17FB0B22B80DF2F2F2DC7F38A46AD5AA49C9876F3A82C8D7BADF59A95BB76EB15F0C0E00A410E08AB206112208806BCAC8C870FF1D55891137F78E887C953B82C8DEDC6F71051252087015EF830811044029A2A3A32B55AA646688BBEEBA6BFAF4F7BDFFB0AAF494FEEE1FC4C87E646FAA07E413A410A0386F82081104C00D497470BF23221E7EF8E1C54B9696FE7744E459E9E3FE8D18F35D90408D204E5208704DA507112208002F656464D4AD5BD7F38F0CC9DCD2A14387AF162F898E8E494B3F71F1D265594B5BB6C876F79F26737F1624207F10E3460A01AEED7A41840802A04CF2F2F266CE9CE9FE848797A4BF7C55E07D1CB5185208705D2583081104C0CDC9CACA0A0D0D75FF65D552481FE919607F17E47A482140693C83081104C0ADDBB367CFD8B1639B366DFAD4534F55AF5EFDEEBBEF96B5B4658B6C9767551FE06D450A016EC00C222B56AE24820040F922850037161919291144D6AA0F0400020A29040000A8410A0100006A90420000801AA4100000A00629040000A8410A0100006A90420000801AA4100000A00629040000A8410A0100006A90420000801AA4100000A00629040000A8410A0100006A90420000801AA4100000A00629040000A8410A0100006A90420000801AA4100000A00629040000A8410A0100006A90420000801AA4100000A00629040000A8410A0100006A90420000801AA4100000A00629040000A8410A0100006A90420000801AA4100000A00629040000A8410A0100006A90420000801AA4100000A00629040000A8410A0100006A90420000801AA4100000A00629040000A8410A0100006A90420000801AA4100000A00629040000A8410A0100006A90420000801AA4100000A00629040000A8410A0100006A90420000801AA4100000A00629040000A8410A0100006A90420000801AA4100000A00629040000A8410A0100006A90420000801AA4100000A00629040000A8410A0100006A90420000801AA4100000A00629040000A8410A0100006A90420000801AA4100000A00629040000A8410A0100006A90420000801AA4100000A00629040000A8410A0100006A90420000801AA4100000A00629040000A8410A0100006A90420000801AA4100000A00629040000A8410A0100006A90420000801AA4100000A00629040000A8410A0100006A90420000801AA4100000A00629040000A8410A0100006A90420000801AA4100000A00629040000A8410A0100006A90420000801AA4100000A00629040000A8410A0100006A90420000801AA4100000A00629040000A8410A0100006A90420000801AA4100000A00629040000A8410A0100006A90420000801AA4100000A00629040000A8410A0100006A90420000801AA4100000A00629040000A8410A0100006A90420000801AA4100000A00629040000A8410A0100006A90420000801AA4100000A00629040000A8410A0100006A90420000801AA4100000A00629040000A8410A0100006A90420000801AA4100000A00629040000A8410A0100006A90420000801AA4100000A00629040000A8410A0100006A90420000801AA4100000A00629040000A8410A0100006A90420000801AA4100000A00629040000A8410A0100006A90420000801AA4100000A00629040000A8410A0100006A90420000801AA4100000A00629040000A8410A0100006A90420000801AA4100000A00629040000A8410A0100006A90420000801AA4100000A00629040000A8410A0100006A90420000801AA4100000A00629040000A8410A0100006A90420000801AA4100000A00629040000A8410A0100006A90420000801AA4100000A00629040000A8410A0100006A90420000801AA4100000A00629040000A8410A0100006A90420000801AA4100000A00629040000A8410A0100006A90420000801AA4100000A00629040000A8410A0100006A90420000801AA4100000A00629040000A8410A0100006A90420000801AA4100000A00629040000A8410A0100006A90420000801AA4100000A00629040000A8410A0100006A90420000801AA4100000A00629040000A8410A0100006A90420000801AA4100000A00629040000A8410A0100006A90420000801AA4100000A00629040000A8410A0100006A90420000801AA4100000A00629040000A8410A0100006A90420000801AA4100000A00629040000A8410A0100006A90420000801AA4100000A00629040000A8410A0100006A90420000801AA4100000A00629040000A8410A0100006A90420000801AA4100000A00629040000A8410A0100006A90420000801AA4100000A00629040000A8410A0100006A90420000801AA4100000A00629040000A8410A0100006A90420000801AA4100000A00629040000A8410A0100006A90420000801AA4100000A00629040000A8410A0100006A90420000801AA4100000A00629E4FFB75BC7020000000083FCAD87B1A72802001E1602003C2C040078580800F0B01000E0612100C0C3420080878500000F0B01001E1602003C2C040078580800F0B01000E0612100C0C3420080878500000F0B01001E011D41F67746E1A4340000000049454E44AE426082, '0');
INSERT INTO `act_ge_bytearray` VALUES ('311', '1', 'source', null, 0x7B22626F756E6473223A7B226C6F7765725269676874223A7B2278223A313438352E302C2279223A313035302E307D2C2275707065724C656674223A7B2278223A302E302C2279223A302E307D7D2C227265736F757263654964223A2263616E766173222C227374656E63696C223A7B226964223A2242504D4E4469616772616D227D2C227374656E63696C736574223A7B226E616D657370616365223A22687474703A2F2F62336D6E2E6F72672F7374656E63696C7365742F62706D6E322E3023222C2275726C223A222E2E2F656469746F722F7374656E63696C736574732F62706D6E322E302F62706D6E322E302E6A736F6E227D2C2270726F70657274696573223A7B2270726F636573735F6964223A226C65617665222C226E616D65223A22E8AFB7E58187E6B581E7A88B222C22646F63756D656E746174696F6E223A22E8AFB7E58187E6B581E7A88BE6BC94E7A4BA227D2C226368696C64536861706573223A5B7B22626F756E6473223A7B226C6F7765725269676874223A7B2278223A34352E302C2279223A3132352E307D2C2275707065724C656674223A7B2278223A31302E302C2279223A39302E307D7D2C227265736F757263654964223A2273746172746576656E7431222C226368696C64536861706573223A5B5D2C227374656E63696C223A7B226964223A2253746172744E6F6E654576656E74227D2C2270726F70657274696573223A7B226F766572726964656964223A2273746172746576656E7431222C226E616D65223A225374617274222C22696E69746961746F72223A226170706C79557365724964222C22666F726D70726F70657274696573223A7B22746F74616C436F756E74223A302C226974656D73223A5B5D7D7D2C226F7574676F696E67223A5B7B227265736F757263654964223A22666C6F7732227D5D7D2C7B22626F756E6473223A7B226C6F7765725269676874223A7B2278223A3139352E302C2279223A3133352E307D2C2275707065724C656674223A7B2278223A39302E302C2279223A38302E307D7D2C227265736F757263654964223A22646570744C65616465724175646974222C226368696C64536861706573223A5B5D2C227374656E63696C223A7B226964223A22557365725461736B227D2C2270726F70657274696573223A7B226F766572726964656964223A22646570744C65616465724175646974222C226E616D65223A22E983A8E997A8E9A286E5AFBCE5AEA1E689B9222C22757365727461736B61737369676E6D656E74223A7B22746F74616C436F756E74223A312C226974656D73223A5B7B2261737369676E6D656E745F74797065223A2263616E64696461746547726F757073222C227265736F7572636561737369676E6D656E7465787072223A22646570744C6561646572227D5D7D2C22666F726D70726F70657274696573223A7B22746F74616C436F756E74223A302C226974656D73223A5B5D7D2C227461736B6C697374656E657273223A7B22746F74616C436F756E74223A302C226974656D73223A5B5D7D7D2C226F7574676F696E67223A5B7B227265736F757263654964223A22666C6F7733227D5D7D2C7B22626F756E6473223A7B226C6F7765725269676874223A7B2278223A3239302E302C2279223A3132372E307D2C2275707065724C656674223A7B2278223A3235302E302C2279223A38372E307D7D2C227265736F757263654964223A226578636C75736976656761746577617935222C226368696C64536861706573223A5B5D2C227374656E63696C223A7B226964223A224578636C757369766547617465776179227D2C2270726F70657274696573223A7B226F766572726964656964223A226578636C75736976656761746577617935222C226E616D65223A224578636C75736976652047617465776179227D2C226F7574676F696E67223A5B7B227265736F757263654964223A22666C6F7734227D2C7B227265736F757263654964223A22666C6F7735227D5D7D2C7B22626F756E6473223A7B226C6F7765725269676874223A7B2278223A3332332E302C2279223A3234352E307D2C2275707065724C656674223A7B2278223A3231382E302C2279223A3139302E307D7D2C227265736F757263654964223A226D6F646966794170706C79222C226368696C64536861706573223A5B5D2C227374656E63696C223A7B226964223A22557365725461736B227D2C2270726F70657274696573223A7B226F766572726964656964223A226D6F646966794170706C79222C226E616D65223A22E8B083E695B4E794B3E8AFB7222C22757365727461736B61737369676E6D656E74223A7B22746F74616C436F756E74223A312C226974656D73223A5B7B2261737369676E6D656E745F74797065223A2261737369676E6565222C227265736F7572636561737369676E6D656E7465787072223A22247B6170706C795573657249647D227D5D7D2C22666F726D70726F70657274696573223A7B22746F74616C436F756E74223A302C226974656D73223A5B5D7D2C227461736B6C697374656E657273223A7B22746F74616C436F756E74223A312C226974656D73223A5B7B227461736B5F6C697374656E65725F6576656E745F74797065223A22636F6D706C657465222C227461736B5F6C697374656E65725F64656C65676174655F65787072657373696F6E223A22247B61667465724D6F646966794170706C79436F6E74656E7450726F636573736F727D227D5D7D7D2C226F7574676F696E67223A5B7B227265736F757263654964223A22666C6F773131227D5D7D2C7B22626F756E6473223A7B226C6F7765725269676874223A7B2278223A3436332E302C2279223A3133352E307D2C2275707065724C656674223A7B2278223A3335382E302C2279223A38302E307D7D2C227265736F757263654964223A2268724175646974222C226368696C64536861706573223A5B5D2C227374656E63696C223A7B226964223A22557365725461736B227D2C2270726F70657274696573223A7B226F766572726964656964223A2268724175646974222C226E616D65223A22E4BABAE4BA8BE5AEA1E689B9222C22757365727461736B61737369676E6D656E74223A7B22746F74616C436F756E74223A312C226974656D73223A5B7B2261737369676E6D656E745F74797065223A2263616E64696461746547726F757073222C227265736F7572636561737369676E6D656E7465787072223A226872227D5D7D2C22666F726D70726F70657274696573223A7B22746F74616C436F756E74223A302C226974656D73223A5B5D7D2C227461736B6C697374656E657273223A7B22746F74616C436F756E74223A302C226974656D73223A5B5D7D7D2C226F7574676F696E67223A5B7B227265736F757263654964223A22666C6F7736227D5D7D2C7B22626F756E6473223A7B226C6F7765725269676874223A7B2278223A3533352E302C2279223A3132372E307D2C2275707065724C656674223A7B2278223A3439352E302C2279223A38372E307D7D2C227265736F757263654964223A226578636C75736976656761746577617936222C226368696C64536861706573223A5B5D2C227374656E63696C223A7B226964223A224578636C757369766547617465776179227D2C2270726F70657274696573223A7B226F766572726964656964223A226578636C75736976656761746577617936222C226E616D65223A224578636C75736976652047617465776179227D2C226F7574676F696E67223A5B7B227265736F757263654964223A22666C6F7737227D2C7B227265736F757263654964223A22666C6F7739227D5D7D2C7B22626F756E6473223A7B226C6F7765725269676874223A7B2278223A3639352E302C2279223A3133352E307D2C2275707065724C656674223A7B2278223A3539302E302C2279223A38302E307D7D2C227265736F757263654964223A227265706F72744261636B222C226368696C64536861706573223A5B5D2C227374656E63696C223A7B226964223A22557365725461736B227D2C2270726F70657274696573223A7B226F766572726964656964223A227265706F72744261636B222C226E616D65223A22E99480E58187222C22757365727461736B61737369676E6D656E74223A7B22746F74616C436F756E74223A312C226974656D73223A5B7B2261737369676E6D656E745F74797065223A2261737369676E6565222C227265736F7572636561737369676E6D656E7465787072223A22247B6170706C795573657249647D227D5D7D2C22666F726D70726F70657274696573223A7B22746F74616C436F756E74223A302C226974656D73223A5B5D7D2C227461736B6C697374656E657273223A7B22746F74616C436F756E74223A312C226974656D73223A5B7B227461736B5F6C697374656E65725F6576656E745F74797065223A22636F6D706C657465222C227461736B5F6C697374656E65725F64656C65676174655F65787072657373696F6E223A22247B7265706F72744261636B456E6450726F636573736F727D227D5D7D7D2C226F7574676F696E67223A5B7B227265736F757263654964223A22666C6F7738227D5D7D2C7B22626F756E6473223A7B226C6F7765725269676874223A7B2278223A3636302E302C2279223A3331382E307D2C2275707065724C656674223A7B2278223A3632352E302C2279223A3238332E307D7D2C227265736F757263654964223A22656E646576656E7431222C226368696C64536861706573223A5B5D2C227374656E63696C223A7B226964223A22456E644E6F6E654576656E74227D2C2270726F70657274696573223A7B226F766572726964656964223A22656E646576656E7431222C226E616D65223A22456E64227D2C226F7574676F696E67223A5B5D7D2C7B22626F756E6473223A7B226C6F7765725269676874223A7B2278223A3239302E302C2279223A3332302E307D2C2275707065724C656674223A7B2278223A3235302E302C2279223A3238302E307D7D2C227265736F757263654964223A226578636C75736976656761746577617937222C226368696C64536861706573223A5B5D2C227374656E63696C223A7B226964223A224578636C757369766547617465776179227D2C2270726F70657274696573223A7B226F766572726964656964223A226578636C75736976656761746577617937222C226E616D65223A224578636C75736976652047617465776179227D2C226F7574676F696E67223A5B7B227265736F757263654964223A22666C6F773130227D2C7B227265736F757263654964223A22666C6F773132227D5D7D2C7B22626F756E6473223A7B226C6F7765725269676874223A7B2278223A3137322E302C2279223A3231322E307D2C2275707065724C656674223A7B2278223A3132382E302C2279223A3231322E307D7D2C227265736F757263654964223A22666C6F7732222C226368696C64536861706573223A5B5D2C227374656E63696C223A7B226964223A2253657175656E6365466C6F77227D2C22646F636B657273223A5B7B2278223A31372E352C2279223A31372E357D2C7B2278223A35322E352C2279223A32372E357D5D2C226F7574676F696E67223A5B7B227265736F757263654964223A22646570744C65616465724175646974227D5D2C22746172676574223A7B227265736F757263654964223A22646570744C65616465724175646974227D2C2270726F70657274696573223A7B226F766572726964656964223A22666C6F7732227D7D2C7B22626F756E6473223A7B226C6F7765725269676874223A7B2278223A3137322E302C2279223A3231322E307D2C2275707065724C656674223A7B2278223A3132382E302C2279223A3231322E307D7D2C227265736F757263654964223A22666C6F7733222C226368696C64536861706573223A5B5D2C227374656E63696C223A7B226964223A2253657175656E6365466C6F77227D2C22646F636B657273223A5B7B2278223A35322E352C2279223A32372E357D2C7B2278223A32302E302C2279223A32302E307D5D2C226F7574676F696E67223A5B7B227265736F757263654964223A226578636C75736976656761746577617935227D5D2C22746172676574223A7B227265736F757263654964223A226578636C75736976656761746577617935227D2C2270726F70657274696573223A7B226F766572726964656964223A22666C6F7733227D7D2C7B22626F756E6473223A7B226C6F7765725269676874223A7B2278223A3137322E302C2279223A3231322E307D2C2275707065724C656674223A7B2278223A3132382E302C2279223A3231322E307D7D2C227265736F757263654964223A22666C6F7734222C226368696C64536861706573223A5B5D2C227374656E63696C223A7B226964223A2253657175656E6365466C6F77227D2C22646F636B657273223A5B7B2278223A32302E302C2279223A32302E307D2C7B2278223A35322E352C2279223A32372E357D5D2C226F7574676F696E67223A5B7B227265736F757263654964223A226D6F646966794170706C79227D5D2C22746172676574223A7B227265736F757263654964223A226D6F646966794170706C79227D2C2270726F70657274696573223A7B226F766572726964656964223A22666C6F7734222C226E616D65223A22E4B88DE5908CE6848F222C22636F6E646974696F6E73657175656E6365666C6F77223A22247B21646570744C6561646572506173737D227D7D2C7B22626F756E6473223A7B226C6F7765725269676874223A7B2278223A3137322E302C2279223A3231322E307D2C2275707065724C656674223A7B2278223A3132382E302C2279223A3231322E307D7D2C227265736F757263654964223A22666C6F7735222C226368696C64536861706573223A5B5D2C227374656E63696C223A7B226964223A2253657175656E6365466C6F77227D2C22646F636B657273223A5B7B2278223A32302E302C2279223A32302E307D2C7B2278223A35322E352C2279223A32372E357D5D2C226F7574676F696E67223A5B7B227265736F757263654964223A2268724175646974227D5D2C22746172676574223A7B227265736F757263654964223A2268724175646974227D2C2270726F70657274696573223A7B226F766572726964656964223A22666C6F7735222C226E616D65223A22E5908CE6848F222C22636F6E646974696F6E73657175656E6365666C6F77223A22247B646570744C6561646572506173737D227D7D2C7B22626F756E6473223A7B226C6F7765725269676874223A7B2278223A3137322E302C2279223A3231322E307D2C2275707065724C656674223A7B2278223A3132382E302C2279223A3231322E307D7D2C227265736F757263654964223A22666C6F7736222C226368696C64536861706573223A5B5D2C227374656E63696C223A7B226964223A2253657175656E6365466C6F77227D2C22646F636B657273223A5B7B2278223A35322E352C2279223A32372E357D2C7B2278223A32302E302C2279223A32302E307D5D2C226F7574676F696E67223A5B7B227265736F757263654964223A226578636C75736976656761746577617936227D5D2C22746172676574223A7B227265736F757263654964223A226578636C75736976656761746577617936227D2C2270726F70657274696573223A7B226F766572726964656964223A22666C6F7736227D7D2C7B22626F756E6473223A7B226C6F7765725269676874223A7B2278223A3137322E302C2279223A3231322E307D2C2275707065724C656674223A7B2278223A3132382E302C2279223A3231322E307D7D2C227265736F757263654964223A22666C6F7737222C226368696C64536861706573223A5B5D2C227374656E63696C223A7B226964223A2253657175656E6365466C6F77227D2C22646F636B657273223A5B7B2278223A32302E302C2279223A32302E307D2C7B2278223A35322E352C2279223A32372E357D5D2C226F7574676F696E67223A5B7B227265736F757263654964223A227265706F72744261636B227D5D2C22746172676574223A7B227265736F757263654964223A227265706F72744261636B227D2C2270726F70657274696573223A7B226F766572726964656964223A22666C6F7737222C226E616D65223A22E5908CE6848F222C22636F6E646974696F6E73657175656E6365666C6F77223A22247B6872506173737D227D7D2C7B22626F756E6473223A7B226C6F7765725269676874223A7B2278223A3137322E302C2279223A3231322E307D2C2275707065724C656674223A7B2278223A3132382E302C2279223A3231322E307D7D2C227265736F757263654964223A22666C6F7738222C226368696C64536861706573223A5B5D2C227374656E63696C223A7B226964223A2253657175656E6365466C6F77227D2C22646F636B657273223A5B7B2278223A35322E352C2279223A32372E357D2C7B2278223A31372E352C2279223A31372E357D5D2C226F7574676F696E67223A5B7B227265736F757263654964223A22656E646576656E7431227D5D2C22746172676574223A7B227265736F757263654964223A22656E646576656E7431227D2C2270726F70657274696573223A7B226F766572726964656964223A22666C6F7738227D7D2C7B22626F756E6473223A7B226C6F7765725269676874223A7B2278223A3137322E302C2279223A3231322E307D2C2275707065724C656674223A7B2278223A3132382E302C2279223A3231322E307D7D2C227265736F757263654964223A22666C6F7739222C226368696C64536861706573223A5B5D2C227374656E63696C223A7B226964223A2253657175656E6365466C6F77227D2C22646F636B657273223A5B7B2278223A32302E302C2279223A32302E307D2C7B2278223A3531342E302C2279223A3231372E307D2C7B2278223A35322E352C2279223A32372E357D5D2C226F7574676F696E67223A5B7B227265736F757263654964223A226D6F646966794170706C79227D5D2C22746172676574223A7B227265736F757263654964223A226D6F646966794170706C79227D2C2270726F70657274696573223A7B226F766572726964656964223A22666C6F7739222C226E616D65223A22E4B88DE5908CE6848F222C22636F6E646974696F6E73657175656E6365666C6F77223A22247B216872506173737D227D7D2C7B22626F756E6473223A7B226C6F7765725269676874223A7B2278223A3137322E302C2279223A3231322E307D2C2275707065724C656674223A7B2278223A3132382E302C2279223A3231322E307D7D2C227265736F757263654964223A22666C6F773130222C226368696C64536861706573223A5B5D2C227374656E63696C223A7B226964223A2253657175656E6365466C6F77227D2C22646F636B657273223A5B7B2278223A32302E302C2279223A32302E307D2C7B2278223A3134322E302C2279223A3239392E307D2C7B2278223A35322E352C2279223A32372E357D5D2C226F7574676F696E67223A5B7B227265736F757263654964223A22646570744C65616465724175646974227D5D2C22746172676574223A7B227265736F757263654964223A22646570744C65616465724175646974227D2C2270726F70657274696573223A7B226F766572726964656964223A22666C6F773130222C226E616D65223A22E9878DE696B0E794B3E8AFB7222C22636F6E646974696F6E73657175656E6365666C6F77223A22247B72654170706C797D227D7D2C7B22626F756E6473223A7B226C6F7765725269676874223A7B2278223A3137322E302C2279223A3231322E307D2C2275707065724C656674223A7B2278223A3132382E302C2279223A3231322E307D7D2C227265736F757263654964223A22666C6F773131222C226368696C64536861706573223A5B5D2C227374656E63696C223A7B226964223A2253657175656E6365466C6F77227D2C22646F636B657273223A5B7B2278223A35322E352C2279223A32372E357D2C7B2278223A32302E302C2279223A32302E307D5D2C226F7574676F696E67223A5B7B227265736F757263654964223A226578636C75736976656761746577617937227D5D2C22746172676574223A7B227265736F757263654964223A226578636C75736976656761746577617937227D2C2270726F70657274696573223A7B226F766572726964656964223A22666C6F773131227D7D2C7B22626F756E6473223A7B226C6F7765725269676874223A7B2278223A3137322E302C2279223A3231322E307D2C2275707065724C656674223A7B2278223A3132382E302C2279223A3231322E307D7D2C227265736F757263654964223A22666C6F773132222C226368696C64536861706573223A5B5D2C227374656E63696C223A7B226964223A2253657175656E6365466C6F77227D2C22646F636B657273223A5B7B2278223A32302E302C2279223A32302E307D2C7B2278223A31372E352C2279223A31372E357D5D2C226F7574676F696E67223A5B7B227265736F757263654964223A22656E646576656E7431227D5D2C22746172676574223A7B227265736F757263654964223A22656E646576656E7431227D2C2270726F70657274696573223A7B226F766572726964656964223A22666C6F773132222C226E616D65223A22E7BB93E69D9FE6B581E7A88B222C22636F6E646974696F6E73657175656E6365666C6F77223A22247B2172654170706C797D227D7D5D7D, null);
INSERT INTO `act_ge_bytearray` VALUES ('313', '1', 'source', null, 0x7B22626F756E6473223A7B226C6F7765725269676874223A7B2278223A313438352E302C2279223A313035302E307D2C2275707065724C656674223A7B2278223A302E302C2279223A302E307D7D2C227265736F757263654964223A2263616E766173222C227374656E63696C223A7B226964223A2242504D4E4469616772616D227D2C227374656E63696C736574223A7B226E616D657370616365223A22687474703A2F2F62336D6E2E6F72672F7374656E63696C7365742F62706D6E322E3023222C2275726C223A222E2E2F656469746F722F7374656E63696C736574732F62706D6E322E302F62706D6E322E302E6A736F6E227D2C2270726F70657274696573223A7B2270726F636573735F6964223A226C65617665222C226E616D65223A22E8AFB7E58187E6B581E7A88B222C22646F63756D656E746174696F6E223A22E8AFB7E58187E6B581E7A88BE6BC94E7A4BA227D2C226368696C64536861706573223A5B7B22626F756E6473223A7B226C6F7765725269676874223A7B2278223A34352E302C2279223A3132352E307D2C2275707065724C656674223A7B2278223A31302E302C2279223A39302E307D7D2C227265736F757263654964223A2273746172746576656E7431222C226368696C64536861706573223A5B5D2C227374656E63696C223A7B226964223A2253746172744E6F6E654576656E74227D2C2270726F70657274696573223A7B226F766572726964656964223A2273746172746576656E7431222C226E616D65223A225374617274222C22696E69746961746F72223A226170706C79557365724964222C22666F726D70726F70657274696573223A7B22746F74616C436F756E74223A302C226974656D73223A5B5D7D7D2C226F7574676F696E67223A5B7B227265736F757263654964223A22666C6F7732227D5D7D2C7B22626F756E6473223A7B226C6F7765725269676874223A7B2278223A3139352E302C2279223A3133352E307D2C2275707065724C656674223A7B2278223A39302E302C2279223A38302E307D7D2C227265736F757263654964223A22646570744C65616465724175646974222C226368696C64536861706573223A5B5D2C227374656E63696C223A7B226964223A22557365725461736B227D2C2270726F70657274696573223A7B226F766572726964656964223A22646570744C65616465724175646974222C226E616D65223A22E983A8E997A8E9A286E5AFBCE5AEA1E689B9222C22757365727461736B61737369676E6D656E74223A7B22746F74616C436F756E74223A312C226974656D73223A5B7B2261737369676E6D656E745F74797065223A2263616E64696461746547726F757073222C227265736F7572636561737369676E6D656E7465787072223A22646570744C6561646572227D5D7D2C22666F726D70726F70657274696573223A7B22746F74616C436F756E74223A302C226974656D73223A5B5D7D2C227461736B6C697374656E657273223A7B22746F74616C436F756E74223A302C226974656D73223A5B5D7D7D2C226F7574676F696E67223A5B7B227265736F757263654964223A22666C6F7733227D5D7D2C7B22626F756E6473223A7B226C6F7765725269676874223A7B2278223A3239302E302C2279223A3132372E307D2C2275707065724C656674223A7B2278223A3235302E302C2279223A38372E307D7D2C227265736F757263654964223A226578636C75736976656761746577617935222C226368696C64536861706573223A5B5D2C227374656E63696C223A7B226964223A224578636C757369766547617465776179227D2C2270726F70657274696573223A7B226F766572726964656964223A226578636C75736976656761746577617935222C226E616D65223A224578636C75736976652047617465776179227D2C226F7574676F696E67223A5B7B227265736F757263654964223A22666C6F7734227D2C7B227265736F757263654964223A22666C6F7735227D5D7D2C7B22626F756E6473223A7B226C6F7765725269676874223A7B2278223A3332332E302C2279223A3234352E307D2C2275707065724C656674223A7B2278223A3231382E302C2279223A3139302E307D7D2C227265736F757263654964223A226D6F646966794170706C79222C226368696C64536861706573223A5B5D2C227374656E63696C223A7B226964223A22557365725461736B227D2C2270726F70657274696573223A7B226F766572726964656964223A226D6F646966794170706C79222C226E616D65223A22E8B083E695B4E794B3E8AFB7222C22757365727461736B61737369676E6D656E74223A7B22746F74616C436F756E74223A312C226974656D73223A5B7B2261737369676E6D656E745F74797065223A2261737369676E6565222C227265736F7572636561737369676E6D656E7465787072223A22247B6170706C795573657249647D227D5D7D2C22666F726D70726F70657274696573223A7B22746F74616C436F756E74223A302C226974656D73223A5B5D7D2C227461736B6C697374656E657273223A7B22746F74616C436F756E74223A312C226974656D73223A5B7B227461736B5F6C697374656E65725F6576656E745F74797065223A22636F6D706C657465222C227461736B5F6C697374656E65725F64656C65676174655F65787072657373696F6E223A22247B61667465724D6F646966794170706C79436F6E74656E7450726F636573736F727D227D5D7D7D2C226F7574676F696E67223A5B7B227265736F757263654964223A22666C6F773131227D5D7D2C7B22626F756E6473223A7B226C6F7765725269676874223A7B2278223A3436332E302C2279223A3133352E307D2C2275707065724C656674223A7B2278223A3335382E302C2279223A38302E307D7D2C227265736F757263654964223A2268724175646974222C226368696C64536861706573223A5B5D2C227374656E63696C223A7B226964223A22557365725461736B227D2C2270726F70657274696573223A7B226F766572726964656964223A2268724175646974222C226E616D65223A22E4BABAE4BA8BE5AEA1E689B9222C22757365727461736B61737369676E6D656E74223A7B22746F74616C436F756E74223A312C226974656D73223A5B7B2261737369676E6D656E745F74797065223A2263616E64696461746547726F757073222C227265736F7572636561737369676E6D656E7465787072223A226872227D5D7D2C22666F726D70726F70657274696573223A7B22746F74616C436F756E74223A302C226974656D73223A5B5D7D2C227461736B6C697374656E657273223A7B22746F74616C436F756E74223A302C226974656D73223A5B5D7D7D2C226F7574676F696E67223A5B7B227265736F757263654964223A22666C6F7736227D5D7D2C7B22626F756E6473223A7B226C6F7765725269676874223A7B2278223A3533352E302C2279223A3132372E307D2C2275707065724C656674223A7B2278223A3439352E302C2279223A38372E307D7D2C227265736F757263654964223A226578636C75736976656761746577617936222C226368696C64536861706573223A5B5D2C227374656E63696C223A7B226964223A224578636C757369766547617465776179227D2C2270726F70657274696573223A7B226F766572726964656964223A226578636C75736976656761746577617936222C226E616D65223A224578636C75736976652047617465776179227D2C226F7574676F696E67223A5B7B227265736F757263654964223A22666C6F7737227D2C7B227265736F757263654964223A22666C6F7739227D5D7D2C7B22626F756E6473223A7B226C6F7765725269676874223A7B2278223A3639352E302C2279223A3133352E307D2C2275707065724C656674223A7B2278223A3539302E302C2279223A38302E307D7D2C227265736F757263654964223A227265706F72744261636B222C226368696C64536861706573223A5B5D2C227374656E63696C223A7B226964223A22557365725461736B227D2C2270726F70657274696573223A7B226F766572726964656964223A227265706F72744261636B222C226E616D65223A22E99480E58187222C22757365727461736B61737369676E6D656E74223A7B22746F74616C436F756E74223A312C226974656D73223A5B7B2261737369676E6D656E745F74797065223A2261737369676E6565222C227265736F7572636561737369676E6D656E7465787072223A22247B6170706C795573657249647D227D5D7D2C22666F726D70726F70657274696573223A7B22746F74616C436F756E74223A302C226974656D73223A5B5D7D2C227461736B6C697374656E657273223A7B22746F74616C436F756E74223A312C226974656D73223A5B7B227461736B5F6C697374656E65725F6576656E745F74797065223A22636F6D706C657465222C227461736B5F6C697374656E65725F64656C65676174655F65787072657373696F6E223A22247B7265706F72744261636B456E6450726F636573736F727D227D5D7D7D2C226F7574676F696E67223A5B7B227265736F757263654964223A22666C6F7738227D5D7D2C7B22626F756E6473223A7B226C6F7765725269676874223A7B2278223A3636302E302C2279223A3331382E307D2C2275707065724C656674223A7B2278223A3632352E302C2279223A3238332E307D7D2C227265736F757263654964223A22656E646576656E7431222C226368696C64536861706573223A5B5D2C227374656E63696C223A7B226964223A22456E644E6F6E654576656E74227D2C2270726F70657274696573223A7B226F766572726964656964223A22656E646576656E7431222C226E616D65223A22456E64227D2C226F7574676F696E67223A5B5D7D2C7B22626F756E6473223A7B226C6F7765725269676874223A7B2278223A3239302E302C2279223A3332302E307D2C2275707065724C656674223A7B2278223A3235302E302C2279223A3238302E307D7D2C227265736F757263654964223A226578636C75736976656761746577617937222C226368696C64536861706573223A5B5D2C227374656E63696C223A7B226964223A224578636C757369766547617465776179227D2C2270726F70657274696573223A7B226F766572726964656964223A226578636C75736976656761746577617937222C226E616D65223A224578636C75736976652047617465776179227D2C226F7574676F696E67223A5B7B227265736F757263654964223A22666C6F773130227D2C7B227265736F757263654964223A22666C6F773132227D5D7D2C7B22626F756E6473223A7B226C6F7765725269676874223A7B2278223A3137322E302C2279223A3231322E307D2C2275707065724C656674223A7B2278223A3132382E302C2279223A3231322E307D7D2C227265736F757263654964223A22666C6F7732222C226368696C64536861706573223A5B5D2C227374656E63696C223A7B226964223A2253657175656E6365466C6F77227D2C22646F636B657273223A5B7B2278223A31372E352C2279223A31372E357D2C7B2278223A35322E352C2279223A32372E357D5D2C226F7574676F696E67223A5B7B227265736F757263654964223A22646570744C65616465724175646974227D5D2C22746172676574223A7B227265736F757263654964223A22646570744C65616465724175646974227D2C2270726F70657274696573223A7B226F766572726964656964223A22666C6F7732227D7D2C7B22626F756E6473223A7B226C6F7765725269676874223A7B2278223A3137322E302C2279223A3231322E307D2C2275707065724C656674223A7B2278223A3132382E302C2279223A3231322E307D7D2C227265736F757263654964223A22666C6F7733222C226368696C64536861706573223A5B5D2C227374656E63696C223A7B226964223A2253657175656E6365466C6F77227D2C22646F636B657273223A5B7B2278223A35322E352C2279223A32372E357D2C7B2278223A32302E302C2279223A32302E307D5D2C226F7574676F696E67223A5B7B227265736F757263654964223A226578636C75736976656761746577617935227D5D2C22746172676574223A7B227265736F757263654964223A226578636C75736976656761746577617935227D2C2270726F70657274696573223A7B226F766572726964656964223A22666C6F7733227D7D2C7B22626F756E6473223A7B226C6F7765725269676874223A7B2278223A3137322E302C2279223A3231322E307D2C2275707065724C656674223A7B2278223A3132382E302C2279223A3231322E307D7D2C227265736F757263654964223A22666C6F7734222C226368696C64536861706573223A5B5D2C227374656E63696C223A7B226964223A2253657175656E6365466C6F77227D2C22646F636B657273223A5B7B2278223A32302E302C2279223A32302E307D2C7B2278223A35322E352C2279223A32372E357D5D2C226F7574676F696E67223A5B7B227265736F757263654964223A226D6F646966794170706C79227D5D2C22746172676574223A7B227265736F757263654964223A226D6F646966794170706C79227D2C2270726F70657274696573223A7B226F766572726964656964223A22666C6F7734222C226E616D65223A22E4B88DE5908CE6848F222C22636F6E646974696F6E73657175656E6365666C6F77223A22247B21646570744C6561646572506173737D227D7D2C7B22626F756E6473223A7B226C6F7765725269676874223A7B2278223A3137322E302C2279223A3231322E307D2C2275707065724C656674223A7B2278223A3132382E302C2279223A3231322E307D7D2C227265736F757263654964223A22666C6F7735222C226368696C64536861706573223A5B5D2C227374656E63696C223A7B226964223A2253657175656E6365466C6F77227D2C22646F636B657273223A5B7B2278223A32302E302C2279223A32302E307D2C7B2278223A35322E352C2279223A32372E357D5D2C226F7574676F696E67223A5B7B227265736F757263654964223A2268724175646974227D5D2C22746172676574223A7B227265736F757263654964223A2268724175646974227D2C2270726F70657274696573223A7B226F766572726964656964223A22666C6F7735222C226E616D65223A22E5908CE6848F222C22636F6E646974696F6E73657175656E6365666C6F77223A22247B646570744C6561646572506173737D227D7D2C7B22626F756E6473223A7B226C6F7765725269676874223A7B2278223A3137322E302C2279223A3231322E307D2C2275707065724C656674223A7B2278223A3132382E302C2279223A3231322E307D7D2C227265736F757263654964223A22666C6F7736222C226368696C64536861706573223A5B5D2C227374656E63696C223A7B226964223A2253657175656E6365466C6F77227D2C22646F636B657273223A5B7B2278223A35322E352C2279223A32372E357D2C7B2278223A32302E302C2279223A32302E307D5D2C226F7574676F696E67223A5B7B227265736F757263654964223A226578636C75736976656761746577617936227D5D2C22746172676574223A7B227265736F757263654964223A226578636C75736976656761746577617936227D2C2270726F70657274696573223A7B226F766572726964656964223A22666C6F7736227D7D2C7B22626F756E6473223A7B226C6F7765725269676874223A7B2278223A3137322E302C2279223A3231322E307D2C2275707065724C656674223A7B2278223A3132382E302C2279223A3231322E307D7D2C227265736F757263654964223A22666C6F7737222C226368696C64536861706573223A5B5D2C227374656E63696C223A7B226964223A2253657175656E6365466C6F77227D2C22646F636B657273223A5B7B2278223A32302E302C2279223A32302E307D2C7B2278223A35322E352C2279223A32372E357D5D2C226F7574676F696E67223A5B7B227265736F757263654964223A227265706F72744261636B227D5D2C22746172676574223A7B227265736F757263654964223A227265706F72744261636B227D2C2270726F70657274696573223A7B226F766572726964656964223A22666C6F7737222C226E616D65223A22E5908CE6848F222C22636F6E646974696F6E73657175656E6365666C6F77223A22247B6872506173737D227D7D2C7B22626F756E6473223A7B226C6F7765725269676874223A7B2278223A3137322E302C2279223A3231322E307D2C2275707065724C656674223A7B2278223A3132382E302C2279223A3231322E307D7D2C227265736F757263654964223A22666C6F7738222C226368696C64536861706573223A5B5D2C227374656E63696C223A7B226964223A2253657175656E6365466C6F77227D2C22646F636B657273223A5B7B2278223A35322E352C2279223A32372E357D2C7B2278223A31372E352C2279223A31372E357D5D2C226F7574676F696E67223A5B7B227265736F757263654964223A22656E646576656E7431227D5D2C22746172676574223A7B227265736F757263654964223A22656E646576656E7431227D2C2270726F70657274696573223A7B226F766572726964656964223A22666C6F7738227D7D2C7B22626F756E6473223A7B226C6F7765725269676874223A7B2278223A3137322E302C2279223A3231322E307D2C2275707065724C656674223A7B2278223A3132382E302C2279223A3231322E307D7D2C227265736F757263654964223A22666C6F7739222C226368696C64536861706573223A5B5D2C227374656E63696C223A7B226964223A2253657175656E6365466C6F77227D2C22646F636B657273223A5B7B2278223A32302E302C2279223A32302E307D2C7B2278223A3531342E302C2279223A3231372E307D2C7B2278223A35322E352C2279223A32372E357D5D2C226F7574676F696E67223A5B7B227265736F757263654964223A226D6F646966794170706C79227D5D2C22746172676574223A7B227265736F757263654964223A226D6F646966794170706C79227D2C2270726F70657274696573223A7B226F766572726964656964223A22666C6F7739222C226E616D65223A22E4B88DE5908CE6848F222C22636F6E646974696F6E73657175656E6365666C6F77223A22247B216872506173737D227D7D2C7B22626F756E6473223A7B226C6F7765725269676874223A7B2278223A3137322E302C2279223A3231322E307D2C2275707065724C656674223A7B2278223A3132382E302C2279223A3231322E307D7D2C227265736F757263654964223A22666C6F773130222C226368696C64536861706573223A5B5D2C227374656E63696C223A7B226964223A2253657175656E6365466C6F77227D2C22646F636B657273223A5B7B2278223A32302E302C2279223A32302E307D2C7B2278223A3134322E302C2279223A3239392E307D2C7B2278223A35322E352C2279223A32372E357D5D2C226F7574676F696E67223A5B7B227265736F757263654964223A22646570744C65616465724175646974227D5D2C22746172676574223A7B227265736F757263654964223A22646570744C65616465724175646974227D2C2270726F70657274696573223A7B226F766572726964656964223A22666C6F773130222C226E616D65223A22E9878DE696B0E794B3E8AFB7222C22636F6E646974696F6E73657175656E6365666C6F77223A22247B72654170706C797D227D7D2C7B22626F756E6473223A7B226C6F7765725269676874223A7B2278223A3137322E302C2279223A3231322E307D2C2275707065724C656674223A7B2278223A3132382E302C2279223A3231322E307D7D2C227265736F757263654964223A22666C6F773131222C226368696C64536861706573223A5B5D2C227374656E63696C223A7B226964223A2253657175656E6365466C6F77227D2C22646F636B657273223A5B7B2278223A35322E352C2279223A32372E357D2C7B2278223A32302E302C2279223A32302E307D5D2C226F7574676F696E67223A5B7B227265736F757263654964223A226578636C75736976656761746577617937227D5D2C22746172676574223A7B227265736F757263654964223A226578636C75736976656761746577617937227D2C2270726F70657274696573223A7B226F766572726964656964223A22666C6F773131227D7D2C7B22626F756E6473223A7B226C6F7765725269676874223A7B2278223A3137322E302C2279223A3231322E307D2C2275707065724C656674223A7B2278223A3132382E302C2279223A3231322E307D7D2C227265736F757263654964223A22666C6F773132222C226368696C64536861706573223A5B5D2C227374656E63696C223A7B226964223A2253657175656E6365466C6F77227D2C22646F636B657273223A5B7B2278223A32302E302C2279223A32302E307D2C7B2278223A31372E352C2279223A31372E357D5D2C226F7574676F696E67223A5B7B227265736F757263654964223A22656E646576656E7431227D5D2C22746172676574223A7B227265736F757263654964223A22656E646576656E7431227D2C2270726F70657274696573223A7B226F766572726964656964223A22666C6F773132222C226E616D65223A22E7BB93E69D9FE6B581E7A88B222C22636F6E646974696F6E73657175656E6365666C6F77223A22247B2172654170706C797D227D7D5D7D, null);
INSERT INTO `act_ge_bytearray` VALUES ('511', '1', 'source', null, 0x7B22626F756E6473223A7B226C6F7765725269676874223A7B2278223A313438352E302C2279223A313035302E307D2C2275707065724C656674223A7B2278223A302E302C2279223A302E307D7D2C227265736F757263654964223A2263616E766173222C227374656E63696C223A7B226964223A2242504D4E4469616772616D227D2C227374656E63696C736574223A7B226E616D657370616365223A22687474703A2F2F62336D6E2E6F72672F7374656E63696C7365742F62706D6E322E3023222C2275726C223A222E2E2F656469746F722F7374656E63696C736574732F62706D6E322E302F62706D6E322E302E6A736F6E227D2C2270726F70657274696573223A7B2270726F636573735F6964223A226C65617665222C226E616D65223A22E8AFB7E58187E6B581E7A88B227D2C226368696C64536861706573223A5B7B22626F756E6473223A7B226C6F7765725269676874223A7B2278223A34352E302C2279223A3132352E307D2C2275707065724C656674223A7B2278223A31302E302C2279223A39302E307D7D2C227265736F757263654964223A2273746172746576656E7431222C226368696C64536861706573223A5B5D2C227374656E63696C223A7B226964223A2253746172744E6F6E654576656E74227D2C2270726F70657274696573223A7B226F766572726964656964223A2273746172746576656E7431222C226E616D65223A225374617274222C22696E69746961746F72223A226170706C79557365724964222C22666F726D70726F70657274696573223A7B22746F74616C436F756E74223A302C226974656D73223A5B5D7D7D2C226F7574676F696E67223A5B7B227265736F757263654964223A22666C6F7732227D5D7D2C7B22626F756E6473223A7B226C6F7765725269676874223A7B2278223A3139352E302C2279223A3133352E307D2C2275707065724C656674223A7B2278223A39302E302C2279223A38302E307D7D2C227265736F757263654964223A22646570744C65616465724175646974222C226368696C64536861706573223A5B5D2C227374656E63696C223A7B226964223A22557365725461736B227D2C2270726F70657274696573223A7B226F766572726964656964223A22646570744C65616465724175646974222C226E616D65223A22E983A8E997A8E9A286E5AFBCE5AEA1E689B9222C22757365727461736B61737369676E6D656E74223A7B22746F74616C436F756E74223A312C226974656D73223A5B7B2261737369676E6D656E745F74797065223A2263616E64696461746547726F757073222C227265736F7572636561737369676E6D656E7465787072223A22646570744C6561646572227D5D7D2C22666F726D70726F70657274696573223A7B22746F74616C436F756E74223A302C226974656D73223A5B5D7D2C226578636C7573697665646566696E6974696F6E223A224E6F222C227461736B6C697374656E657273223A7B22746F74616C436F756E74223A302C226974656D73223A5B5D7D7D2C226F7574676F696E67223A5B7B227265736F757263654964223A22666C6F7733227D5D7D2C7B22626F756E6473223A7B226C6F7765725269676874223A7B2278223A3239302E302C2279223A3132372E307D2C2275707065724C656674223A7B2278223A3235302E302C2279223A38372E307D7D2C227265736F757263654964223A226578636C75736976656761746577617935222C226368696C64536861706573223A5B5D2C227374656E63696C223A7B226964223A224578636C757369766547617465776179227D2C2270726F70657274696573223A7B226F766572726964656964223A226578636C75736976656761746577617935222C226E616D65223A224578636C75736976652047617465776179227D2C226F7574676F696E67223A5B7B227265736F757263654964223A22666C6F7734227D2C7B227265736F757263654964223A22666C6F7735227D5D7D2C7B22626F756E6473223A7B226C6F7765725269676874223A7B2278223A3332332E302C2279223A3234352E307D2C2275707065724C656674223A7B2278223A3231382E302C2279223A3139302E307D7D2C227265736F757263654964223A226D6F646966794170706C79222C226368696C64536861706573223A5B5D2C227374656E63696C223A7B226964223A22557365725461736B227D2C2270726F70657274696573223A7B226F766572726964656964223A226D6F646966794170706C79222C226E616D65223A22E8B083E695B4E794B3E8AFB7222C22757365727461736B61737369676E6D656E74223A7B22746F74616C436F756E74223A312C226974656D73223A5B7B2261737369676E6D656E745F74797065223A2261737369676E6565222C227265736F7572636561737369676E6D656E7465787072223A22247B6170706C795573657249647D227D5D7D2C22666F726D70726F70657274696573223A7B22746F74616C436F756E74223A302C226974656D73223A5B5D7D2C226578636C7573697665646566696E6974696F6E223A224E6F222C227461736B6C697374656E657273223A7B22746F74616C436F756E74223A312C226974656D73223A5B7B227461736B5F6C697374656E65725F6576656E745F74797065223A22636F6D706C657465222C227461736B5F6C697374656E65725F64656C65676174655F65787072657373696F6E223A22247B61667465724D6F646966794170706C79436F6E74656E7450726F636573736F727D227D5D7D7D2C226F7574676F696E67223A5B7B227265736F757263654964223A22666C6F773131227D5D7D2C7B22626F756E6473223A7B226C6F7765725269676874223A7B2278223A3436332E302C2279223A3133352E307D2C2275707065724C656674223A7B2278223A3335382E302C2279223A38302E307D7D2C227265736F757263654964223A2268724175646974222C226368696C64536861706573223A5B5D2C227374656E63696C223A7B226964223A22557365725461736B227D2C2270726F70657274696573223A7B226F766572726964656964223A2268724175646974222C226E616D65223A22E4BABAE4BA8BE5AEA1E689B9222C22757365727461736B61737369676E6D656E74223A7B22746F74616C436F756E74223A312C226974656D73223A5B7B2261737369676E6D656E745F74797065223A2263616E64696461746547726F757073222C227265736F7572636561737369676E6D656E7465787072223A226872227D5D7D2C22666F726D70726F70657274696573223A7B22746F74616C436F756E74223A302C226974656D73223A5B5D7D2C226578636C7573697665646566696E6974696F6E223A224E6F222C227461736B6C697374656E657273223A7B22746F74616C436F756E74223A302C226974656D73223A5B5D7D7D2C226F7574676F696E67223A5B7B227265736F757263654964223A22666C6F7736227D5D7D2C7B22626F756E6473223A7B226C6F7765725269676874223A7B2278223A3533352E302C2279223A3132372E307D2C2275707065724C656674223A7B2278223A3439352E302C2279223A38372E307D7D2C227265736F757263654964223A226578636C75736976656761746577617936222C226368696C64536861706573223A5B5D2C227374656E63696C223A7B226964223A224578636C757369766547617465776179227D2C2270726F70657274696573223A7B226F766572726964656964223A226578636C75736976656761746577617936222C226E616D65223A224578636C75736976652047617465776179227D2C226F7574676F696E67223A5B7B227265736F757263654964223A22666C6F7737227D2C7B227265736F757263654964223A22666C6F7739227D5D7D2C7B22626F756E6473223A7B226C6F7765725269676874223A7B2278223A3639352E302C2279223A3133352E307D2C2275707065724C656674223A7B2278223A3539302E302C2279223A38302E307D7D2C227265736F757263654964223A227265706F72744261636B222C226368696C64536861706573223A5B5D2C227374656E63696C223A7B226964223A22557365725461736B227D2C2270726F70657274696573223A7B226F766572726964656964223A227265706F72744261636B222C226E616D65223A22E99480E58187222C22757365727461736B61737369676E6D656E74223A7B22746F74616C436F756E74223A312C226974656D73223A5B7B2261737369676E6D656E745F74797065223A2261737369676E6565222C227265736F7572636561737369676E6D656E7465787072223A22247B6170706C795573657249647D227D5D7D2C22666F726D70726F70657274696573223A7B22746F74616C436F756E74223A302C226974656D73223A5B5D7D2C226578636C7573697665646566696E6974696F6E223A224E6F222C227461736B6C697374656E657273223A7B22746F74616C436F756E74223A312C226974656D73223A5B7B227461736B5F6C697374656E65725F6576656E745F74797065223A22636F6D706C657465222C227461736B5F6C697374656E65725F64656C65676174655F65787072657373696F6E223A22247B7265706F72744261636B456E6450726F636573736F727D227D5D7D7D2C226F7574676F696E67223A5B7B227265736F757263654964223A22666C6F7738227D5D7D2C7B22626F756E6473223A7B226C6F7765725269676874223A7B2278223A3636302E302C2279223A3331382E307D2C2275707065724C656674223A7B2278223A3632352E302C2279223A3238332E307D7D2C227265736F757263654964223A22656E646576656E7431222C226368696C64536861706573223A5B5D2C227374656E63696C223A7B226964223A22456E644E6F6E654576656E74227D2C2270726F70657274696573223A7B226F766572726964656964223A22656E646576656E7431222C226E616D65223A22456E64227D2C226F7574676F696E67223A5B5D7D2C7B22626F756E6473223A7B226C6F7765725269676874223A7B2278223A3239302E302C2279223A3332302E307D2C2275707065724C656674223A7B2278223A3235302E302C2279223A3238302E307D7D2C227265736F757263654964223A226578636C75736976656761746577617937222C226368696C64536861706573223A5B5D2C227374656E63696C223A7B226964223A224578636C757369766547617465776179227D2C2270726F70657274696573223A7B226F766572726964656964223A226578636C75736976656761746577617937222C226E616D65223A224578636C75736976652047617465776179227D2C226F7574676F696E67223A5B7B227265736F757263654964223A22666C6F773130227D2C7B227265736F757263654964223A22666C6F773132227D5D7D2C7B22626F756E6473223A7B226C6F7765725269676874223A7B2278223A3137322E302C2279223A3231322E307D2C2275707065724C656674223A7B2278223A3132382E302C2279223A3231322E307D7D2C227265736F757263654964223A22666C6F7732222C226368696C64536861706573223A5B5D2C227374656E63696C223A7B226964223A2253657175656E6365466C6F77227D2C22646F636B657273223A5B7B2278223A31372E352C2279223A31372E357D2C7B2278223A35322E352C2279223A32372E357D5D2C226F7574676F696E67223A5B7B227265736F757263654964223A22646570744C65616465724175646974227D5D2C22746172676574223A7B227265736F757263654964223A22646570744C65616465724175646974227D2C2270726F70657274696573223A7B226F766572726964656964223A22666C6F7732227D7D2C7B22626F756E6473223A7B226C6F7765725269676874223A7B2278223A3137322E302C2279223A3231322E307D2C2275707065724C656674223A7B2278223A3132382E302C2279223A3231322E307D7D2C227265736F757263654964223A22666C6F7733222C226368696C64536861706573223A5B5D2C227374656E63696C223A7B226964223A2253657175656E6365466C6F77227D2C22646F636B657273223A5B7B2278223A35322E352C2279223A32372E357D2C7B2278223A32302E302C2279223A32302E307D5D2C226F7574676F696E67223A5B7B227265736F757263654964223A226578636C75736976656761746577617935227D5D2C22746172676574223A7B227265736F757263654964223A226578636C75736976656761746577617935227D2C2270726F70657274696573223A7B226F766572726964656964223A22666C6F7733227D7D2C7B22626F756E6473223A7B226C6F7765725269676874223A7B2278223A3137322E302C2279223A3231322E307D2C2275707065724C656674223A7B2278223A3132382E302C2279223A3231322E307D7D2C227265736F757263654964223A22666C6F7734222C226368696C64536861706573223A5B5D2C227374656E63696C223A7B226964223A2253657175656E6365466C6F77227D2C22646F636B657273223A5B7B2278223A32302E302C2279223A32302E307D2C7B2278223A35322E352C2279223A32372E357D5D2C226F7574676F696E67223A5B7B227265736F757263654964223A226D6F646966794170706C79227D5D2C22746172676574223A7B227265736F757263654964223A226D6F646966794170706C79227D2C2270726F70657274696573223A7B226F766572726964656964223A22666C6F7734222C226E616D65223A22E4B88DE5908CE6848F222C22636F6E646974696F6E73657175656E6365666C6F77223A22247B21646570744C6561646572506173737D227D7D2C7B22626F756E6473223A7B226C6F7765725269676874223A7B2278223A3137322E302C2279223A3231322E307D2C2275707065724C656674223A7B2278223A3132382E302C2279223A3231322E307D7D2C227265736F757263654964223A22666C6F7735222C226368696C64536861706573223A5B5D2C227374656E63696C223A7B226964223A2253657175656E6365466C6F77227D2C22646F636B657273223A5B7B2278223A32302E302C2279223A32302E307D2C7B2278223A35322E352C2279223A32372E357D5D2C226F7574676F696E67223A5B7B227265736F757263654964223A2268724175646974227D5D2C22746172676574223A7B227265736F757263654964223A2268724175646974227D2C2270726F70657274696573223A7B226F766572726964656964223A22666C6F7735222C226E616D65223A22E5908CE6848F222C22636F6E646974696F6E73657175656E6365666C6F77223A22247B646570744C6561646572506173737D227D7D2C7B22626F756E6473223A7B226C6F7765725269676874223A7B2278223A3137322E302C2279223A3231322E307D2C2275707065724C656674223A7B2278223A3132382E302C2279223A3231322E307D7D2C227265736F757263654964223A22666C6F7736222C226368696C64536861706573223A5B5D2C227374656E63696C223A7B226964223A2253657175656E6365466C6F77227D2C22646F636B657273223A5B7B2278223A35322E352C2279223A32372E357D2C7B2278223A32302E302C2279223A32302E307D5D2C226F7574676F696E67223A5B7B227265736F757263654964223A226578636C75736976656761746577617936227D5D2C22746172676574223A7B227265736F757263654964223A226578636C75736976656761746577617936227D2C2270726F70657274696573223A7B226F766572726964656964223A22666C6F7736227D7D2C7B22626F756E6473223A7B226C6F7765725269676874223A7B2278223A3137322E302C2279223A3231322E307D2C2275707065724C656674223A7B2278223A3132382E302C2279223A3231322E307D7D2C227265736F757263654964223A22666C6F7737222C226368696C64536861706573223A5B5D2C227374656E63696C223A7B226964223A2253657175656E6365466C6F77227D2C22646F636B657273223A5B7B2278223A32302E302C2279223A32302E307D2C7B2278223A35322E352C2279223A32372E357D5D2C226F7574676F696E67223A5B7B227265736F757263654964223A227265706F72744261636B227D5D2C22746172676574223A7B227265736F757263654964223A227265706F72744261636B227D2C2270726F70657274696573223A7B226F766572726964656964223A22666C6F7737222C226E616D65223A22E5908CE6848F222C22636F6E646974696F6E73657175656E6365666C6F77223A22247B6872506173737D227D7D2C7B22626F756E6473223A7B226C6F7765725269676874223A7B2278223A3137322E302C2279223A3231322E307D2C2275707065724C656674223A7B2278223A3132382E302C2279223A3231322E307D7D2C227265736F757263654964223A22666C6F7738222C226368696C64536861706573223A5B5D2C227374656E63696C223A7B226964223A2253657175656E6365466C6F77227D2C22646F636B657273223A5B7B2278223A35322E352C2279223A32372E357D2C7B2278223A31372E352C2279223A31372E357D5D2C226F7574676F696E67223A5B7B227265736F757263654964223A22656E646576656E7431227D5D2C22746172676574223A7B227265736F757263654964223A22656E646576656E7431227D2C2270726F70657274696573223A7B226F766572726964656964223A22666C6F7738227D7D2C7B22626F756E6473223A7B226C6F7765725269676874223A7B2278223A3137322E302C2279223A3231322E307D2C2275707065724C656674223A7B2278223A3132382E302C2279223A3231322E307D7D2C227265736F757263654964223A22666C6F7739222C226368696C64536861706573223A5B5D2C227374656E63696C223A7B226964223A2253657175656E6365466C6F77227D2C22646F636B657273223A5B7B2278223A32302E302C2279223A32302E307D2C7B2278223A3531342E302C2279223A3231372E307D2C7B2278223A35322E352C2279223A32372E357D5D2C226F7574676F696E67223A5B7B227265736F757263654964223A226D6F646966794170706C79227D5D2C22746172676574223A7B227265736F757263654964223A226D6F646966794170706C79227D2C2270726F70657274696573223A7B226F766572726964656964223A22666C6F7739222C226E616D65223A22E4B88DE5908CE6848F222C22636F6E646974696F6E73657175656E6365666C6F77223A22247B216872506173737D227D7D2C7B22626F756E6473223A7B226C6F7765725269676874223A7B2278223A3137322E302C2279223A3231322E307D2C2275707065724C656674223A7B2278223A3132382E302C2279223A3231322E307D7D2C227265736F757263654964223A22666C6F773130222C226368696C64536861706573223A5B5D2C227374656E63696C223A7B226964223A2253657175656E6365466C6F77227D2C22646F636B657273223A5B7B2278223A32302E302C2279223A32302E307D2C7B2278223A3134322E302C2279223A3239392E307D2C7B2278223A35322E352C2279223A32372E357D5D2C226F7574676F696E67223A5B7B227265736F757263654964223A22646570744C65616465724175646974227D5D2C22746172676574223A7B227265736F757263654964223A22646570744C65616465724175646974227D2C2270726F70657274696573223A7B226F766572726964656964223A22666C6F773130222C226E616D65223A22E9878DE696B0E794B3E8AFB7222C22636F6E646974696F6E73657175656E6365666C6F77223A22247B72654170706C797D227D7D2C7B22626F756E6473223A7B226C6F7765725269676874223A7B2278223A3137322E302C2279223A3231322E307D2C2275707065724C656674223A7B2278223A3132382E302C2279223A3231322E307D7D2C227265736F757263654964223A22666C6F773131222C226368696C64536861706573223A5B5D2C227374656E63696C223A7B226964223A2253657175656E6365466C6F77227D2C22646F636B657273223A5B7B2278223A35322E352C2279223A32372E357D2C7B2278223A32302E302C2279223A32302E307D5D2C226F7574676F696E67223A5B7B227265736F757263654964223A226578636C75736976656761746577617937227D5D2C22746172676574223A7B227265736F757263654964223A226578636C75736976656761746577617937227D2C2270726F70657274696573223A7B226F766572726964656964223A22666C6F773131227D7D2C7B22626F756E6473223A7B226C6F7765725269676874223A7B2278223A3137322E302C2279223A3231322E307D2C2275707065724C656674223A7B2278223A3132382E302C2279223A3231322E307D7D2C227265736F757263654964223A22666C6F773132222C226368696C64536861706573223A5B5D2C227374656E63696C223A7B226964223A2253657175656E6365466C6F77227D2C22646F636B657273223A5B7B2278223A32302E302C2279223A32302E307D2C7B2278223A31372E352C2279223A31372E357D5D2C226F7574676F696E67223A5B7B227265736F757263654964223A22656E646576656E7431227D5D2C22746172676574223A7B227265736F757263654964223A22656E646576656E7431227D2C2270726F70657274696573223A7B226F766572726964656964223A22666C6F773132222C226E616D65223A22E7BB93E69D9FE6B581E7A88B222C22636F6E646974696F6E73657175656E6365666C6F77223A22247B2172654170706C797D227D7D5D7D, null);
INSERT INTO `act_ge_bytearray` VALUES ('521', '2', 'source', null, 0x7B227265736F757263654964223A2263616E766173222C2270726F70657274696573223A7B226E616D65223A22222C22646F63756D656E746174696F6E223A22222C2270726F636573735F6964223A2270726F63657373222C2270726F636573735F617574686F72223A22222C2270726F636573735F76657273696F6E223A22222C2270726F636573735F6E616D657370616365223A22687474703A2F2F7777772E61637469766974692E6F72672F70726F63657373646566222C22657865637574696F6E6C697374656E657273223A22227D2C227374656E63696C223A7B226964223A2242504D4E4469616772616D227D2C226368696C64536861706573223A5B7B227265736F757263654964223A227369642D41443633464238362D443744352D343344412D394534432D434134354335364245423939222C2270726F70657274696573223A7B226F766572726964656964223A22222C226E616D65223A22222C22646F63756D656E746174696F6E223A22222C22666F726D70726F70657274696573223A22222C22696E69746961746F72223A22222C22657865637574696F6E6C697374656E657273223A22227D2C227374656E63696C223A7B226964223A2253746172744E6F6E654576656E74227D2C226368696C64536861706573223A5B5D2C226F7574676F696E67223A5B5D2C22626F756E6473223A7B226C6F7765725269676874223A7B2278223A3532342C2279223A3133317D2C2275707065724C656674223A7B2278223A3439342C2279223A3130317D7D2C22646F636B657273223A5B5D7D5D2C22626F756E6473223A7B226C6F7765725269676874223A7B2278223A313438352C2279223A313035307D2C2275707065724C656674223A7B2278223A302C2279223A307D7D2C227374656E63696C736574223A7B2275726C223A222E2E2F7374656E63696C736574732F62706D6E322E302F62706D6E322E302E6A736F6E222C226E616D657370616365223A22687474703A2F2F62336D6E2E6F72672F7374656E63696C7365742F62706D6E322E3023227D2C227373657874656E73696F6E73223A5B5D7D, null);
INSERT INTO `act_ge_bytearray` VALUES ('522', '1', 'source-extra', null, 0x89504E470D0A1A0A0000000D49484452000000500000005008060000008E11F2AD000000206348524D00007A26000080840000FA00000080E8000075300000EA6000003A98000017709CBA513C0000000467414D410000B18E7CFB5193000000017352474200AECE1CE900000006624B474400FF00FF00FFA0BDA793000000097048597300000EC400000EC401952B0E1B000004374944415478DAED9A5D48235714C76F33939844595CF0137DD882B0D2BA2028520DBA52F103A4F521A95029560A8BD48AFA52E9EAE283557CF1B1A82D1D11B55AD082AD2042FC88D026C2622BAD68EB76C9B2124D308A8B928D3AC9F49C125F0A05B72437727B7E30DC3B03999BFBE77F3FCEB9C3184110044110044110044110044110044110044110044110FFCA6B37E58F689A66B4DBED1F2E2C2C34ECEEEEE6EFECEC980F0F0FE5B3B333969090A0A5A4A45C666565795253539DA150E8F3C5C5C53F48C08870BDBDBD5F391C8EF7F7F6F6E4F2F272565D5DCDF2F2F2587676364B4A4A6228A2DFEF675B5B5B6C797999CDCFCF6B92243D3F3E3EEE83E75FFF6F059C9D9DFD68787878C8E7F3250C0C0CB09A9A1A26CBF2B57E0B0E64DDDDDDA1FDFDFD275EAFF71D78F4673CFA20C5C975B2D96C5EEAE9E9696F6C6C94C7C6C6586E6E2ED3E974D77E474E4E0E6B6E6ED6198DC61497CBF5009CEA0B04023F0B2F208A0782390707072D333333ACBEBEFE9584FB27454545E85CFDF4F474A55EAF3F0906838F8516109D87E2ADAEAEFE3DCF45838C8C0C66B3D9F48AA294810BF7E0D1AF420A88731E0E5B745EB4C4BB223939995556561AC6C7C7DF5655F57B78E4174A405C6D5B5A5A7E6C6A6A9270D8C60274626262A2B6B2B2F256381C5678F44BC74BC0BEBE3EE5E8E8C8D0DADA1AD3763A3A3A4C696969AF43F503610444F7812BEA71AB02AB66CCDB1B1D1DBD0D0BCA27C208881186DBED96719FC783AAAA2A83C9644217DE1142400CCF5E65931C0D209AF142611342408C6D2B2A2AB86E97AC566B3214F78510101303F9F9F95C052C2C2C344311F346B98C29CCAAE0168327E9E9E9A95004857020665330ABC293487B462104C4CD2D8AC893D3D3539F300EC464A8D7EBE52AE0C1C1C10B1EE11C17013333339F6F6E6E7215706969E929149B420808A1D51A669279323535A541B12684801E8F670036D361555579E91774B95CB950CE0A21E0C6C6C6538881DD9886E7C1D0D0D077E170781FAACF841010F1F97C0F3B3B3B550E2E3C696F6F7F03CA2F79F48B5B3EF0FCFC7C5B92A4F7743A5D7A494949CCDAA9ABABFB06229F5B50FD14AEB0300E8CB8F0DDFEFEFE97EBEBEB3179BFDD6EFF01A885EA03B854A11C7835BC705E9A9B9BABC1330C4CC3478BEDEDED9F2C16CB5D4DD33E83DB155E1DE27EA80473E06F171717DE8989898AD2D252031E9E47C379281E2C1CC3B886F0EC4F5CCE85A1A3BF04020137885825CBB25A5C5C6CF88F479B2756ABF5DBAEAEAEFBE0BC4770FF05EFBEC4FBD38E3BB0B02810EABDA928CAADDADA5AD375F779232323736D6D6D39979797C1C89CF77B3C3A70533E2EB281901F9B4CA67B656565870D0D0D4905050538BC3330AB8289018C6D1D0EC793C9C949C9E974DE0D85421EF81D9EBC4DF25A306EB28057E0848869780B5C85706112D118C9AAF823B1ED5A24C278C60882200882200882200882200882200882200882200822C6FC05756096C39AEBCB240000000049454E44AE426082, null);

-- ----------------------------
-- Table structure for act_ge_property
-- ----------------------------
DROP TABLE IF EXISTS `act_ge_property`;
CREATE TABLE `act_ge_property` (
  `NAME_` varchar(64) COLLATE utf8_bin NOT NULL DEFAULT '',
  `VALUE_` varchar(300) COLLATE utf8_bin DEFAULT NULL,
  `REV_` int(11) DEFAULT NULL,
  PRIMARY KEY (`NAME_`)
) ENGINE=InnoDB DEFAULT CHARSET=utf8 COLLATE=utf8_bin;

-- ----------------------------
-- Records of act_ge_property
-- ----------------------------
INSERT INTO `act_ge_property` VALUES ('next.dbid', '1610', '17');
INSERT INTO `act_ge_property` VALUES ('schema.history', 'create(5.12) upgrade(5.12->5.13)', '2');
INSERT INTO `act_ge_property` VALUES ('schema.version', '5.13', '2');

-- ----------------------------
-- Table structure for act_hi_actinst
-- ----------------------------
DROP TABLE IF EXISTS `act_hi_actinst`;
CREATE TABLE `act_hi_actinst` (
  `ID_` varchar(64) COLLATE utf8_bin NOT NULL,
  `PROC_DEF_ID_` varchar(64) COLLATE utf8_bin NOT NULL,
  `PROC_INST_ID_` varchar(64) COLLATE utf8_bin NOT NULL,
  `EXECUTION_ID_` varchar(64) COLLATE utf8_bin NOT NULL,
  `ACT_ID_` varchar(255) COLLATE utf8_bin NOT NULL,
  `TASK_ID_` varchar(64) COLLATE utf8_bin DEFAULT NULL,
  `CALL_PROC_INST_ID_` varchar(64) COLLATE utf8_bin DEFAULT NULL,
  `ACT_NAME_` varchar(255) COLLATE utf8_bin DEFAULT NULL,
  `ACT_TYPE_` varchar(255) COLLATE utf8_bin NOT NULL,
  `ASSIGNEE_` varchar(64) COLLATE utf8_bin DEFAULT NULL,
  `START_TIME_` datetime NOT NULL,
  `END_TIME_` datetime DEFAULT NULL,
  `DURATION_` bigint(20) DEFAULT NULL,
  PRIMARY KEY (`ID_`),
  KEY `ACT_IDX_HI_ACT_INST_START` (`START_TIME_`),
  KEY `ACT_IDX_HI_ACT_INST_END` (`END_TIME_`),
  KEY `ACT_IDX_HI_ACT_INST_PROCINST` (`PROC_INST_ID_`,`ACT_ID_`),
  KEY `ACT_IDX_HI_ACT_INST_EXEC` (`EXECUTION_ID_`,`ACT_ID_`)
) ENGINE=InnoDB DEFAULT CHARSET=utf8 COLLATE=utf8_bin;

-- ----------------------------
-- Records of act_hi_actinst
-- ----------------------------
INSERT INTO `act_hi_actinst` VALUES ('1314', 'leave:1:1213', '1310', '1310', 'startevent1', null, null, 'Start', 'startEvent', null, '2013-09-17 15:41:31', '2013-09-17 15:41:31', '7');
INSERT INTO `act_hi_actinst` VALUES ('1315', 'leave:1:1213', '1310', '1310', 'deptLeaderAudit', '1316', null, '', 'userTask', null, '2013-09-17 15:41:31', null, null);
INSERT INTO `act_hi_actinst` VALUES ('1414', 'leave:1:1213', '1410', '1410', 'startevent1', null, null, 'Start', 'startEvent', null, '2013-09-17 15:46:22', '2013-09-17 15:46:22', '7');
INSERT INTO `act_hi_actinst` VALUES ('1415', 'leave:1:1213', '1410', '1410', 'deptLeaderAudit', '1416', null, '', 'userTask', null, '2013-09-17 15:46:22', null, null);
INSERT INTO `act_hi_actinst` VALUES ('1514', 'leave:1:1213', '1510', '1510', 'startevent1', null, null, 'Start', 'startEvent', null, '2013-09-17 16:43:30', '2013-09-17 16:43:30', '16');
INSERT INTO `act_hi_actinst` VALUES ('1515', 'leave:1:1213', '1510', '1510', 'deptLeaderAudit', '1516', null, '', 'userTask', null, '2013-09-17 16:43:30', null, null);

-- ----------------------------
-- Table structure for act_hi_attachment
-- ----------------------------
DROP TABLE IF EXISTS `act_hi_attachment`;
CREATE TABLE `act_hi_attachment` (
  `ID_` varchar(64) COLLATE utf8_bin NOT NULL,
  `REV_` int(11) DEFAULT NULL,
  `USER_ID_` varchar(255) COLLATE utf8_bin DEFAULT NULL,
  `NAME_` varchar(255) COLLATE utf8_bin DEFAULT NULL,
  `DESCRIPTION_` varchar(4000) COLLATE utf8_bin DEFAULT NULL,
  `TYPE_` varchar(255) COLLATE utf8_bin DEFAULT NULL,
  `TASK_ID_` varchar(64) COLLATE utf8_bin DEFAULT NULL,
  `PROC_INST_ID_` varchar(64) COLLATE utf8_bin DEFAULT NULL,
  `URL_` varchar(4000) COLLATE utf8_bin DEFAULT NULL,
  `CONTENT_ID_` varchar(64) COLLATE utf8_bin DEFAULT NULL,
  PRIMARY KEY (`ID_`)
) ENGINE=InnoDB DEFAULT CHARSET=utf8 COLLATE=utf8_bin;

-- ----------------------------
-- Records of act_hi_attachment
-- ----------------------------

-- ----------------------------
-- Table structure for act_hi_comment
-- ----------------------------
DROP TABLE IF EXISTS `act_hi_comment`;
CREATE TABLE `act_hi_comment` (
  `ID_` varchar(64) COLLATE utf8_bin NOT NULL,
  `TYPE_` varchar(255) COLLATE utf8_bin DEFAULT NULL,
  `TIME_` datetime NOT NULL,
  `USER_ID_` varchar(255) COLLATE utf8_bin DEFAULT NULL,
  `TASK_ID_` varchar(64) COLLATE utf8_bin DEFAULT NULL,
  `PROC_INST_ID_` varchar(64) COLLATE utf8_bin DEFAULT NULL,
  `ACTION_` varchar(255) COLLATE utf8_bin DEFAULT NULL,
  `MESSAGE_` varchar(4000) COLLATE utf8_bin DEFAULT NULL,
  `FULL_MSG_` longblob,
  PRIMARY KEY (`ID_`)
) ENGINE=InnoDB DEFAULT CHARSET=utf8 COLLATE=utf8_bin;

-- ----------------------------
-- Records of act_hi_comment
-- ----------------------------

-- ----------------------------
-- Table structure for act_hi_detail
-- ----------------------------
DROP TABLE IF EXISTS `act_hi_detail`;
CREATE TABLE `act_hi_detail` (
  `ID_` varchar(64) COLLATE utf8_bin NOT NULL,
  `TYPE_` varchar(255) COLLATE utf8_bin NOT NULL,
  `PROC_INST_ID_` varchar(64) COLLATE utf8_bin DEFAULT NULL,
  `EXECUTION_ID_` varchar(64) COLLATE utf8_bin DEFAULT NULL,
  `TASK_ID_` varchar(64) COLLATE utf8_bin DEFAULT NULL,
  `ACT_INST_ID_` varchar(64) COLLATE utf8_bin DEFAULT NULL,
  `NAME_` varchar(255) COLLATE utf8_bin NOT NULL,
  `VAR_TYPE_` varchar(255) COLLATE utf8_bin DEFAULT NULL,
  `REV_` int(11) DEFAULT NULL,
  `TIME_` datetime NOT NULL,
  `BYTEARRAY_ID_` varchar(64) COLLATE utf8_bin DEFAULT NULL,
  `DOUBLE_` double DEFAULT NULL,
  `LONG_` bigint(20) DEFAULT NULL,
  `TEXT_` varchar(4000) COLLATE utf8_bin DEFAULT NULL,
  `TEXT2_` varchar(4000) COLLATE utf8_bin DEFAULT NULL,
  PRIMARY KEY (`ID_`),
  KEY `ACT_IDX_HI_DETAIL_PROC_INST` (`PROC_INST_ID_`),
  KEY `ACT_IDX_HI_DETAIL_ACT_INST` (`ACT_INST_ID_`),
  KEY `ACT_IDX_HI_DETAIL_TIME` (`TIME_`),
  KEY `ACT_IDX_HI_DETAIL_NAME` (`NAME_`),
  KEY `ACT_IDX_HI_DETAIL_TASK_ID` (`TASK_ID_`)
) ENGINE=InnoDB DEFAULT CHARSET=utf8 COLLATE=utf8_bin;

-- ----------------------------
-- Records of act_hi_detail
-- ----------------------------
INSERT INTO `act_hi_detail` VALUES ('1312', 'VariableUpdate', '1310', '1310', null, null, 'applyUserId', 'string', '0', '2013-09-17 15:41:31', null, null, null, '8a8080ce41156e59014115726b790013', null);
INSERT INTO `act_hi_detail` VALUES ('1412', 'VariableUpdate', '1410', '1410', null, null, 'applyUserId', 'string', '0', '2013-09-17 15:46:22', null, null, null, '8a8080ce41156e59014115726b790013', null);
INSERT INTO `act_hi_detail` VALUES ('1512', 'VariableUpdate', '1510', '1510', null, null, 'applyUserId', 'string', '0', '2013-09-17 16:43:30', null, null, null, '8a8080ce41156e59014115726b790013', null);

-- ----------------------------
-- Table structure for act_hi_identitylink
-- ----------------------------
DROP TABLE IF EXISTS `act_hi_identitylink`;
CREATE TABLE `act_hi_identitylink` (
  `ID_` varchar(64) COLLATE utf8_bin NOT NULL DEFAULT '',
  `GROUP_ID_` varchar(255) COLLATE utf8_bin DEFAULT NULL,
  `TYPE_` varchar(255) COLLATE utf8_bin DEFAULT NULL,
  `USER_ID_` varchar(255) COLLATE utf8_bin DEFAULT NULL,
  `TASK_ID_` varchar(64) COLLATE utf8_bin DEFAULT NULL,
  `PROC_INST_ID_` varchar(64) COLLATE utf8_bin DEFAULT NULL,
  PRIMARY KEY (`ID_`),
  KEY `ACT_IDX_HI_IDENT_LNK_USER` (`USER_ID_`),
  KEY `ACT_IDX_HI_IDENT_LNK_TASK` (`TASK_ID_`),
  KEY `ACT_IDX_HI_IDENT_LNK_PROCINST` (`PROC_INST_ID_`)
) ENGINE=InnoDB DEFAULT CHARSET=utf8 COLLATE=utf8_bin;

-- ----------------------------
-- Records of act_hi_identitylink
-- ----------------------------
INSERT INTO `act_hi_identitylink` VALUES ('1313', null, 'starter', '8a8080ce41156e59014115726b790013', null, '1310');
INSERT INTO `act_hi_identitylink` VALUES ('1317', 'deptLeader', 'candidate', null, '1316', null);
INSERT INTO `act_hi_identitylink` VALUES ('1413', null, 'starter', '8a8080ce41156e59014115726b790013', null, '1410');
INSERT INTO `act_hi_identitylink` VALUES ('1417', 'deptLeader', 'candidate', null, '1416', null);
INSERT INTO `act_hi_identitylink` VALUES ('1513', null, 'starter', '8a8080ce41156e59014115726b790013', null, '1510');
INSERT INTO `act_hi_identitylink` VALUES ('1517', 'deptLeader', 'candidate', null, '1516', null);

-- ----------------------------
-- Table structure for act_hi_procinst
-- ----------------------------
DROP TABLE IF EXISTS `act_hi_procinst`;
CREATE TABLE `act_hi_procinst` (
  `ID_` varchar(64) COLLATE utf8_bin NOT NULL,
  `PROC_INST_ID_` varchar(64) COLLATE utf8_bin NOT NULL,
  `BUSINESS_KEY_` varchar(255) COLLATE utf8_bin DEFAULT NULL,
  `PROC_DEF_ID_` varchar(64) COLLATE utf8_bin NOT NULL,
  `START_TIME_` datetime NOT NULL,
  `END_TIME_` datetime DEFAULT NULL,
  `DURATION_` bigint(20) DEFAULT NULL,
  `START_USER_ID_` varchar(255) COLLATE utf8_bin DEFAULT NULL,
  `START_ACT_ID_` varchar(255) COLLATE utf8_bin DEFAULT NULL,
  `END_ACT_ID_` varchar(255) COLLATE utf8_bin DEFAULT NULL,
  `SUPER_PROCESS_INSTANCE_ID_` varchar(64) COLLATE utf8_bin DEFAULT NULL,
  `DELETE_REASON_` varchar(4000) COLLATE utf8_bin DEFAULT NULL,
  PRIMARY KEY (`ID_`),
  UNIQUE KEY `PROC_INST_ID_` (`PROC_INST_ID_`),
  UNIQUE KEY `ACT_UNIQ_HI_BUS_KEY` (`PROC_DEF_ID_`,`BUSINESS_KEY_`),
  KEY `ACT_IDX_HI_PRO_INST_END` (`END_TIME_`),
  KEY `ACT_IDX_HI_PRO_I_BUSKEY` (`BUSINESS_KEY_`)
) ENGINE=InnoDB DEFAULT CHARSET=utf8 COLLATE=utf8_bin;

-- ----------------------------
-- Records of act_hi_procinst
-- ----------------------------
INSERT INTO `act_hi_procinst` VALUES ('1310', '1310', '8a8080ce412addf301412addf3ed0000', 'leave:1:1213', '2013-09-17 15:41:31', null, null, '8a8080ce41156e59014115726b790013', 'startevent1', null, null, null);
INSERT INTO `act_hi_procinst` VALUES ('1410', '1410', '8a8080ce412ae26501412ae2651c0000', 'leave:1:1213', '2013-09-17 15:46:22', null, null, '8a8080ce41156e59014115726b790013', 'startevent1', null, null, null);
INSERT INTO `act_hi_procinst` VALUES ('1510', '1510', '8a8080ce412b16b301412b16b36d0000', 'leave:1:1213', '2013-09-17 16:43:30', null, null, '8a8080ce41156e59014115726b790013', 'startevent1', null, null, null);

-- ----------------------------
-- Table structure for act_hi_taskinst
-- ----------------------------
DROP TABLE IF EXISTS `act_hi_taskinst`;
CREATE TABLE `act_hi_taskinst` (
  `ID_` varchar(64) COLLATE utf8_bin NOT NULL,
  `PROC_DEF_ID_` varchar(64) COLLATE utf8_bin DEFAULT NULL,
  `TASK_DEF_KEY_` varchar(255) COLLATE utf8_bin DEFAULT NULL,
  `PROC_INST_ID_` varchar(64) COLLATE utf8_bin DEFAULT NULL,
  `EXECUTION_ID_` varchar(64) COLLATE utf8_bin DEFAULT NULL,
  `NAME_` varchar(255) COLLATE utf8_bin DEFAULT NULL,
  `PARENT_TASK_ID_` varchar(64) COLLATE utf8_bin DEFAULT NULL,
  `DESCRIPTION_` varchar(4000) COLLATE utf8_bin DEFAULT NULL,
  `OWNER_` varchar(255) COLLATE utf8_bin DEFAULT NULL,
  `ASSIGNEE_` varchar(255) COLLATE utf8_bin DEFAULT NULL,
  `START_TIME_` datetime NOT NULL,
  `CLAIM_TIME_` datetime DEFAULT NULL,
  `END_TIME_` datetime DEFAULT NULL,
  `DURATION_` bigint(20) DEFAULT NULL,
  `DELETE_REASON_` varchar(4000) COLLATE utf8_bin DEFAULT NULL,
  `PRIORITY_` int(11) DEFAULT NULL,
  `DUE_DATE_` datetime DEFAULT NULL,
  `FORM_KEY_` varchar(255) COLLATE utf8_bin DEFAULT NULL,
  PRIMARY KEY (`ID_`)
) ENGINE=InnoDB DEFAULT CHARSET=utf8 COLLATE=utf8_bin;

-- ----------------------------
-- Records of act_hi_taskinst
-- ----------------------------
INSERT INTO `act_hi_taskinst` VALUES ('1316', 'leave:1:1213', 'deptLeaderAudit', '1310', '1310', '', null, null, null, null, '2013-09-17 15:41:31', null, null, null, null, '50', null, null);
INSERT INTO `act_hi_taskinst` VALUES ('1416', 'leave:1:1213', 'deptLeaderAudit', '1410', '1410', '', null, null, null, null, '2013-09-17 15:46:22', null, null, null, null, '50', null, null);
INSERT INTO `act_hi_taskinst` VALUES ('1516', 'leave:1:1213', 'deptLeaderAudit', '1510', '1510', '', null, null, null, null, '2013-09-17 16:43:30', null, null, null, null, '50', null, null);

-- ----------------------------
-- Table structure for act_hi_varinst
-- ----------------------------
DROP TABLE IF EXISTS `act_hi_varinst`;
CREATE TABLE `act_hi_varinst` (
  `ID_` varchar(64) COLLATE utf8_bin NOT NULL,
  `PROC_INST_ID_` varchar(64) COLLATE utf8_bin DEFAULT NULL,
  `EXECUTION_ID_` varchar(64) COLLATE utf8_bin DEFAULT NULL,
  `TASK_ID_` varchar(64) COLLATE utf8_bin DEFAULT NULL,
  `NAME_` varchar(255) COLLATE utf8_bin NOT NULL,
  `VAR_TYPE_` varchar(100) COLLATE utf8_bin DEFAULT NULL,
  `REV_` int(11) DEFAULT NULL,
  `BYTEARRAY_ID_` varchar(64) COLLATE utf8_bin DEFAULT NULL,
  `DOUBLE_` double DEFAULT NULL,
  `LONG_` bigint(20) DEFAULT NULL,
  `TEXT_` varchar(4000) COLLATE utf8_bin DEFAULT NULL,
  `TEXT2_` varchar(4000) COLLATE utf8_bin DEFAULT NULL,
  PRIMARY KEY (`ID_`),
  KEY `ACT_IDX_HI_PROCVAR_PROC_INST` (`PROC_INST_ID_`),
  KEY `ACT_IDX_HI_PROCVAR_NAME_TYPE` (`NAME_`,`VAR_TYPE_`)
) ENGINE=InnoDB DEFAULT CHARSET=utf8 COLLATE=utf8_bin;

-- ----------------------------
-- Records of act_hi_varinst
-- ----------------------------
INSERT INTO `act_hi_varinst` VALUES ('1311', '1310', '1310', null, 'applyUserId', 'string', '0', null, null, null, '8a8080ce41156e59014115726b790013', null);
INSERT INTO `act_hi_varinst` VALUES ('1411', '1410', '1410', null, 'applyUserId', 'string', '0', null, null, null, '8a8080ce41156e59014115726b790013', null);
INSERT INTO `act_hi_varinst` VALUES ('1511', '1510', '1510', null, 'applyUserId', 'string', '0', null, null, null, '8a8080ce41156e59014115726b790013', null);

-- ----------------------------
-- Table structure for act_id_group
-- ----------------------------
DROP TABLE IF EXISTS `act_id_group`;
CREATE TABLE `act_id_group` (
  `ID_` varchar(64) COLLATE utf8_bin NOT NULL DEFAULT '',
  `REV_` int(11) DEFAULT NULL,
  `NAME_` varchar(255) COLLATE utf8_bin DEFAULT NULL,
  `TYPE_` varchar(255) COLLATE utf8_bin DEFAULT NULL,
  PRIMARY KEY (`ID_`)
) ENGINE=InnoDB DEFAULT CHARSET=utf8 COLLATE=utf8_bin;

-- ----------------------------
-- Records of act_id_group
-- ----------------------------
INSERT INTO `act_id_group` VALUES ('8a8080ce4110c410014110c4a5b4003d', '1', '', 'admin');
INSERT INTO `act_id_group` VALUES ('8a8080ce4110c410014110c4a5b7003e', '1', '', 'manager');
INSERT INTO `act_id_group` VALUES ('8a8080ce41156e59014115717f950004', '1', '', 'workflow');

-- ----------------------------
-- Table structure for act_id_info
-- ----------------------------
DROP TABLE IF EXISTS `act_id_info`;
CREATE TABLE `act_id_info` (
  `ID_` varchar(64) COLLATE utf8_bin NOT NULL DEFAULT '',
  `REV_` int(11) DEFAULT NULL,
  `USER_ID_` varchar(64) COLLATE utf8_bin DEFAULT NULL,
  `TYPE_` varchar(64) COLLATE utf8_bin DEFAULT NULL,
  `KEY_` varchar(255) COLLATE utf8_bin DEFAULT NULL,
  `VALUE_` varchar(255) COLLATE utf8_bin DEFAULT NULL,
  `PASSWORD_` longblob,
  `PARENT_ID_` varchar(255) COLLATE utf8_bin DEFAULT NULL,
  PRIMARY KEY (`ID_`)
) ENGINE=InnoDB DEFAULT CHARSET=utf8 COLLATE=utf8_bin;

-- ----------------------------
-- Records of act_id_info
-- ----------------------------

-- ----------------------------
-- Table structure for act_id_membership
-- ----------------------------
DROP TABLE IF EXISTS `act_id_membership`;
CREATE TABLE `act_id_membership` (
  `USER_ID_` varchar(64) COLLATE utf8_bin NOT NULL DEFAULT '',
  `GROUP_ID_` varchar(64) COLLATE utf8_bin NOT NULL DEFAULT '',
  PRIMARY KEY (`USER_ID_`,`GROUP_ID_`),
  KEY `ACT_FK_MEMB_GROUP` (`GROUP_ID_`),
  CONSTRAINT `ACT_FK_MEMB_GROUP` FOREIGN KEY (`GROUP_ID_`) REFERENCES `act_id_group` (`ID_`),
  CONSTRAINT `ACT_FK_MEMB_USER` FOREIGN KEY (`USER_ID_`) REFERENCES `act_id_user` (`ID_`)
) ENGINE=InnoDB DEFAULT CHARSET=utf8 COLLATE=utf8_bin;

-- ----------------------------
-- Records of act_id_membership
-- ----------------------------
INSERT INTO `act_id_membership` VALUES ('8a8080ce4110c410014110c4a5bf003f', '8a8080ce4110c410014110c4a5b4003d');
INSERT INTO `act_id_membership` VALUES ('8a8080ce4110c410014110c4a5c80041', '8a8080ce4110c410014110c4a5b4003d');
INSERT INTO `act_id_membership` VALUES ('8a8080ce4110c410014110c4a5cb0042', '8a8080ce4110c410014110c4a5b4003d');
INSERT INTO `act_id_membership` VALUES ('8a8080ce4110c410014110c4a5c40040', '8a8080ce4110c410014110c4a5b7003e');
INSERT INTO `act_id_membership` VALUES ('8a8080ce41156e59014115726b790013', '8a8080ce41156e59014115717f950004');

-- ----------------------------
-- Table structure for act_id_user
-- ----------------------------
DROP TABLE IF EXISTS `act_id_user`;
CREATE TABLE `act_id_user` (
  `ID_` varchar(64) COLLATE utf8_bin NOT NULL DEFAULT '',
  `REV_` int(11) DEFAULT NULL,
  `FIRST_` varchar(255) COLLATE utf8_bin DEFAULT NULL,
  `LAST_` varchar(255) COLLATE utf8_bin DEFAULT NULL,
  `EMAIL_` varchar(255) COLLATE utf8_bin DEFAULT NULL,
  `PWD_` varchar(255) COLLATE utf8_bin DEFAULT NULL,
  `PICTURE_ID_` varchar(64) COLLATE utf8_bin DEFAULT NULL,
  PRIMARY KEY (`ID_`)
) ENGINE=InnoDB DEFAULT CHARSET=utf8 COLLATE=utf8_bin;

-- ----------------------------
-- Records of act_id_user
-- ----------------------------
INSERT INTO `act_id_user` VALUES ('8a8080ce4110c410014110c4a5bf003f', '1', 'admin', 'admin', '', 'c44b01947c9e6e3f', null);
INSERT INTO `act_id_user` VALUES ('8a8080ce4110c410014110c4a5c40040', '1', 'scott', 'scott', 'zhangdaiscott@163.com', '97c07a884bf272b5', null);
INSERT INTO `act_id_user` VALUES ('8a8080ce4110c410014110c4a5c80041', '1', 'cgy', 'cgy', null, 'f2322ec2fb9f40d1', null);
INSERT INTO `act_id_user` VALUES ('8a8080ce4110c410014110c4a5cb0042', '1', 'cgspy', 'cgspy', null, 'a324509dc1a3089a', null);
INSERT INTO `act_id_user` VALUES ('8a8080ce41156e59014115726b790013', '1', 'workflow', 'workflow', '', '037af17a4b25331af4b40d43c594afd8', null);

-- ----------------------------
-- Table structure for act_re_deployment
-- ----------------------------
DROP TABLE IF EXISTS `act_re_deployment`;
CREATE TABLE `act_re_deployment` (
  `ID_` varchar(64) COLLATE utf8_bin NOT NULL DEFAULT '',
  `NAME_` varchar(255) COLLATE utf8_bin DEFAULT NULL,
  `CATEGORY_` varchar(255) COLLATE utf8_bin DEFAULT NULL,
  `DEPLOY_TIME_` timestamp NOT NULL DEFAULT CURRENT_TIMESTAMP ON UPDATE CURRENT_TIMESTAMP,
  PRIMARY KEY (`ID_`)
) ENGINE=InnoDB DEFAULT CHARSET=utf8 COLLATE=utf8_bin;

-- ----------------------------
-- Records of act_re_deployment
-- ----------------------------
INSERT INTO `act_re_deployment` VALUES ('1210', null, null, '2013-09-17 15:38:15');

-- ----------------------------
-- Table structure for act_re_model
-- ----------------------------
DROP TABLE IF EXISTS `act_re_model`;
CREATE TABLE `act_re_model` (
  `ID_` varchar(64) COLLATE utf8_bin NOT NULL,
  `REV_` int(11) DEFAULT NULL,
  `NAME_` varchar(255) COLLATE utf8_bin DEFAULT NULL,
  `KEY_` varchar(255) COLLATE utf8_bin DEFAULT NULL,
  `CATEGORY_` varchar(255) COLLATE utf8_bin DEFAULT NULL,
  `CREATE_TIME_` timestamp NULL DEFAULT NULL,
  `LAST_UPDATE_TIME_` timestamp NULL DEFAULT NULL,
  `VERSION_` int(11) DEFAULT NULL,
  `META_INFO_` varchar(4000) COLLATE utf8_bin DEFAULT NULL,
  `DEPLOYMENT_ID_` varchar(64) COLLATE utf8_bin DEFAULT NULL,
  `EDITOR_SOURCE_VALUE_ID_` varchar(64) COLLATE utf8_bin DEFAULT NULL,
  `EDITOR_SOURCE_EXTRA_VALUE_ID_` varchar(64) COLLATE utf8_bin DEFAULT NULL,
  PRIMARY KEY (`ID_`),
  KEY `ACT_FK_MODEL_SOURCE` (`EDITOR_SOURCE_VALUE_ID_`),
  KEY `ACT_FK_MODEL_SOURCE_EXTRA` (`EDITOR_SOURCE_EXTRA_VALUE_ID_`),
  KEY `ACT_FK_MODEL_DEPLOYMENT` (`DEPLOYMENT_ID_`),
  CONSTRAINT `ACT_FK_MODEL_DEPLOYMENT` FOREIGN KEY (`DEPLOYMENT_ID_`) REFERENCES `act_re_deployment` (`ID_`),
  CONSTRAINT `ACT_FK_MODEL_SOURCE` FOREIGN KEY (`EDITOR_SOURCE_VALUE_ID_`) REFERENCES `act_ge_bytearray` (`ID_`),
  CONSTRAINT `ACT_FK_MODEL_SOURCE_EXTRA` FOREIGN KEY (`EDITOR_SOURCE_EXTRA_VALUE_ID_`) REFERENCES `act_ge_bytearray` (`ID_`)
) ENGINE=InnoDB DEFAULT CHARSET=utf8 COLLATE=utf8_bin;

-- ----------------------------
-- Records of act_re_model
-- ----------------------------
INSERT INTO `act_re_model` VALUES ('310', '2', 'leave.bpmn', 'leave', '210', '2013-09-06 17:20:09', '2013-09-06 17:20:09', '1', '{\"name\":\"\",\"revision\":1,\"description\":\"\"}', null, '311', null);
INSERT INTO `act_re_model` VALUES ('312', '2', 'leave.bpmn20.xml', 'leave', '10', '2013-09-06 17:21:10', '2013-09-06 17:21:10', '1', '{\"name\":\"\",\"revision\":1,\"description\":\"\"}', null, '313', null);
INSERT INTO `act_re_model` VALUES ('510', '2', 'leave.bpmn20.xml', 'leave', '455', '2013-09-10 10:15:44', '2013-09-10 10:16:51', '1', '{\"name\":\"1\",\"revision\":1,\"description\":null}', null, '511', null);
INSERT INTO `act_re_model` VALUES ('520', '4', '1', 'leave_1', null, '2013-09-10 10:34:14', '2013-09-10 10:34:40', '1', '{\"name\":\"1\",\"revision\":1,\"description\":\"1\"}', null, '521', '522');

-- ----------------------------
-- Table structure for act_re_procdef
-- ----------------------------
DROP TABLE IF EXISTS `act_re_procdef`;
CREATE TABLE `act_re_procdef` (
  `ID_` varchar(64) COLLATE utf8_bin NOT NULL,
  `REV_` int(11) DEFAULT NULL,
  `CATEGORY_` varchar(255) COLLATE utf8_bin DEFAULT NULL,
  `NAME_` varchar(255) COLLATE utf8_bin DEFAULT NULL,
  `KEY_` varchar(255) COLLATE utf8_bin NOT NULL,
  `VERSION_` int(11) NOT NULL,
  `DEPLOYMENT_ID_` varchar(64) COLLATE utf8_bin DEFAULT NULL,
  `RESOURCE_NAME_` varchar(4000) COLLATE utf8_bin DEFAULT NULL,
  `DGRM_RESOURCE_NAME_` varchar(4000) COLLATE utf8_bin DEFAULT NULL,
  `DESCRIPTION_` varchar(4000) COLLATE utf8_bin DEFAULT NULL,
  `HAS_START_FORM_KEY_` tinyint(4) DEFAULT NULL,
  `SUSPENSION_STATE_` int(11) DEFAULT NULL,
  PRIMARY KEY (`ID_`),
  UNIQUE KEY `ACT_UNIQ_PROCDEF` (`KEY_`,`VERSION_`)
) ENGINE=InnoDB DEFAULT CHARSET=utf8 COLLATE=utf8_bin;

-- ----------------------------
-- Records of act_re_procdef
-- ----------------------------
INSERT INTO `act_re_procdef` VALUES ('leave:1:1213', '1', 'http://www.kafeitu.me/demo/activiti/leave', '', 'leave', '1', '1210', 'leave.bpmn20.xml', 'leave.png', '', '0', '1');

-- ----------------------------
-- Table structure for act_ru_event_subscr
-- ----------------------------
DROP TABLE IF EXISTS `act_ru_event_subscr`;
CREATE TABLE `act_ru_event_subscr` (
  `ID_` varchar(64) COLLATE utf8_bin NOT NULL,
  `REV_` int(11) DEFAULT NULL,
  `EVENT_TYPE_` varchar(255) COLLATE utf8_bin NOT NULL,
  `EVENT_NAME_` varchar(255) COLLATE utf8_bin DEFAULT NULL,
  `EXECUTION_ID_` varchar(64) COLLATE utf8_bin DEFAULT NULL,
  `PROC_INST_ID_` varchar(64) COLLATE utf8_bin DEFAULT NULL,
  `ACTIVITY_ID_` varchar(64) COLLATE utf8_bin DEFAULT NULL,
  `CONFIGURATION_` varchar(255) COLLATE utf8_bin DEFAULT NULL,
  `CREATED_` timestamp NOT NULL DEFAULT CURRENT_TIMESTAMP ON UPDATE CURRENT_TIMESTAMP,
  PRIMARY KEY (`ID_`),
  KEY `ACT_IDX_EVENT_SUBSCR_CONFIG_` (`CONFIGURATION_`),
  KEY `ACT_FK_EVENT_EXEC` (`EXECUTION_ID_`),
  CONSTRAINT `ACT_FK_EVENT_EXEC` FOREIGN KEY (`EXECUTION_ID_`) REFERENCES `act_ru_execution` (`ID_`)
) ENGINE=InnoDB DEFAULT CHARSET=utf8 COLLATE=utf8_bin;

-- ----------------------------
-- Records of act_ru_event_subscr
-- ----------------------------

-- ----------------------------
-- Table structure for act_ru_execution
-- ----------------------------
DROP TABLE IF EXISTS `act_ru_execution`;
CREATE TABLE `act_ru_execution` (
  `ID_` varchar(64) COLLATE utf8_bin NOT NULL DEFAULT '',
  `REV_` int(11) DEFAULT NULL,
  `PROC_INST_ID_` varchar(64) COLLATE utf8_bin DEFAULT NULL,
  `BUSINESS_KEY_` varchar(255) COLLATE utf8_bin DEFAULT NULL,
  `PARENT_ID_` varchar(64) COLLATE utf8_bin DEFAULT NULL,
  `PROC_DEF_ID_` varchar(64) COLLATE utf8_bin DEFAULT NULL,
  `SUPER_EXEC_` varchar(64) COLLATE utf8_bin DEFAULT NULL,
  `ACT_ID_` varchar(255) COLLATE utf8_bin DEFAULT NULL,
  `IS_ACTIVE_` tinyint(4) DEFAULT NULL,
  `IS_CONCURRENT_` tinyint(4) DEFAULT NULL,
  `IS_SCOPE_` tinyint(4) DEFAULT NULL,
  `IS_EVENT_SCOPE_` tinyint(4) DEFAULT NULL,
  `SUSPENSION_STATE_` int(11) DEFAULT NULL,
  `CACHED_ENT_STATE_` int(11) DEFAULT NULL,
  PRIMARY KEY (`ID_`),
  UNIQUE KEY `ACT_UNIQ_RU_BUS_KEY` (`PROC_DEF_ID_`,`BUSINESS_KEY_`),
  KEY `ACT_IDX_EXEC_BUSKEY` (`BUSINESS_KEY_`),
  KEY `ACT_FK_EXE_PROCINST` (`PROC_INST_ID_`),
  KEY `ACT_FK_EXE_PARENT` (`PARENT_ID_`),
  KEY `ACT_FK_EXE_SUPER` (`SUPER_EXEC_`),
  CONSTRAINT `ACT_FK_EXE_PARENT` FOREIGN KEY (`PARENT_ID_`) REFERENCES `act_ru_execution` (`ID_`),
  CONSTRAINT `ACT_FK_EXE_PROCDEF` FOREIGN KEY (`PROC_DEF_ID_`) REFERENCES `act_re_procdef` (`ID_`),
  CONSTRAINT `ACT_FK_EXE_PROCINST` FOREIGN KEY (`PROC_INST_ID_`) REFERENCES `act_ru_execution` (`ID_`) ON DELETE CASCADE ON UPDATE CASCADE,
  CONSTRAINT `ACT_FK_EXE_SUPER` FOREIGN KEY (`SUPER_EXEC_`) REFERENCES `act_ru_execution` (`ID_`)
) ENGINE=InnoDB DEFAULT CHARSET=utf8 COLLATE=utf8_bin;

-- ----------------------------
-- Records of act_ru_execution
-- ----------------------------
INSERT INTO `act_ru_execution` VALUES ('1310', '1', '1310', '8a8080ce412addf301412addf3ed0000', null, 'leave:1:1213', null, 'deptLeaderAudit', '1', '0', '1', '0', '1', '2');
INSERT INTO `act_ru_execution` VALUES ('1410', '1', '1410', '8a8080ce412ae26501412ae2651c0000', null, 'leave:1:1213', null, 'deptLeaderAudit', '1', '0', '1', '0', '1', '2');
INSERT INTO `act_ru_execution` VALUES ('1510', '1', '1510', '8a8080ce412b16b301412b16b36d0000', null, 'leave:1:1213', null, 'deptLeaderAudit', '1', '0', '1', '0', '1', '2');

-- ----------------------------
-- Table structure for act_ru_identitylink
-- ----------------------------
DROP TABLE IF EXISTS `act_ru_identitylink`;
CREATE TABLE `act_ru_identitylink` (
  `ID_` varchar(64) COLLATE utf8_bin NOT NULL DEFAULT '',
  `REV_` int(11) DEFAULT NULL,
  `GROUP_ID_` varchar(255) COLLATE utf8_bin DEFAULT NULL,
  `TYPE_` varchar(255) COLLATE utf8_bin DEFAULT NULL,
  `USER_ID_` varchar(255) COLLATE utf8_bin DEFAULT NULL,
  `TASK_ID_` varchar(64) COLLATE utf8_bin DEFAULT NULL,
  `PROC_INST_ID_` varchar(64) COLLATE utf8_bin DEFAULT NULL,
  `PROC_DEF_ID_` varchar(64) COLLATE utf8_bin DEFAULT NULL,
  PRIMARY KEY (`ID_`),
  KEY `ACT_IDX_IDENT_LNK_USER` (`USER_ID_`),
  KEY `ACT_IDX_IDENT_LNK_GROUP` (`GROUP_ID_`),
  KEY `ACT_IDX_ATHRZ_PROCEDEF` (`PROC_DEF_ID_`),
  KEY `ACT_FK_TSKASS_TASK` (`TASK_ID_`),
  KEY `ACT_FK_IDL_PROCINST` (`PROC_INST_ID_`),
  CONSTRAINT `ACT_FK_ATHRZ_PROCEDEF` FOREIGN KEY (`PROC_DEF_ID_`) REFERENCES `act_re_procdef` (`ID_`),
  CONSTRAINT `ACT_FK_IDL_PROCINST` FOREIGN KEY (`PROC_INST_ID_`) REFERENCES `act_ru_execution` (`ID_`),
  CONSTRAINT `ACT_FK_TSKASS_TASK` FOREIGN KEY (`TASK_ID_`) REFERENCES `act_ru_task` (`ID_`)
) ENGINE=InnoDB DEFAULT CHARSET=utf8 COLLATE=utf8_bin;

-- ----------------------------
-- Records of act_ru_identitylink
-- ----------------------------
INSERT INTO `act_ru_identitylink` VALUES ('1313', '1', null, 'starter', '8a8080ce41156e59014115726b790013', null, '1310', null);
INSERT INTO `act_ru_identitylink` VALUES ('1317', '1', 'deptLeader', 'candidate', null, '1316', null, null);
INSERT INTO `act_ru_identitylink` VALUES ('1413', '1', null, 'starter', '8a8080ce41156e59014115726b790013', null, '1410', null);
INSERT INTO `act_ru_identitylink` VALUES ('1417', '1', 'deptLeader', 'candidate', null, '1416', null, null);
INSERT INTO `act_ru_identitylink` VALUES ('1513', '1', null, 'starter', '8a8080ce41156e59014115726b790013', null, '1510', null);
INSERT INTO `act_ru_identitylink` VALUES ('1517', '1', 'deptLeader', 'candidate', null, '1516', null, null);

-- ----------------------------
-- Table structure for act_ru_job
-- ----------------------------
DROP TABLE IF EXISTS `act_ru_job`;
CREATE TABLE `act_ru_job` (
  `ID_` varchar(64) COLLATE utf8_bin NOT NULL,
  `REV_` int(11) DEFAULT NULL,
  `TYPE_` varchar(255) COLLATE utf8_bin NOT NULL,
  `LOCK_EXP_TIME_` timestamp NULL DEFAULT NULL,
  `LOCK_OWNER_` varchar(255) COLLATE utf8_bin DEFAULT NULL,
  `EXCLUSIVE_` tinyint(1) DEFAULT NULL,
  `EXECUTION_ID_` varchar(64) COLLATE utf8_bin DEFAULT NULL,
  `PROCESS_INSTANCE_ID_` varchar(64) COLLATE utf8_bin DEFAULT NULL,
  `PROC_DEF_ID_` varchar(64) COLLATE utf8_bin DEFAULT NULL,
  `RETRIES_` int(11) DEFAULT NULL,
  `EXCEPTION_STACK_ID_` varchar(64) COLLATE utf8_bin DEFAULT NULL,
  `EXCEPTION_MSG_` varchar(4000) COLLATE utf8_bin DEFAULT NULL,
  `DUEDATE_` timestamp NULL DEFAULT NULL,
  `REPEAT_` varchar(255) COLLATE utf8_bin DEFAULT NULL,
  `HANDLER_TYPE_` varchar(255) COLLATE utf8_bin DEFAULT NULL,
  `HANDLER_CFG_` varchar(4000) COLLATE utf8_bin DEFAULT NULL,
  PRIMARY KEY (`ID_`),
  KEY `ACT_FK_JOB_EXCEPTION` (`EXCEPTION_STACK_ID_`),
  CONSTRAINT `ACT_FK_JOB_EXCEPTION` FOREIGN KEY (`EXCEPTION_STACK_ID_`) REFERENCES `act_ge_bytearray` (`ID_`)
) ENGINE=InnoDB DEFAULT CHARSET=utf8 COLLATE=utf8_bin;

-- ----------------------------
-- Records of act_ru_job
-- ----------------------------

-- ----------------------------
-- Table structure for act_ru_task
-- ----------------------------
DROP TABLE IF EXISTS `act_ru_task`;
CREATE TABLE `act_ru_task` (
  `ID_` varchar(64) COLLATE utf8_bin NOT NULL DEFAULT '',
  `REV_` int(11) DEFAULT NULL,
  `EXECUTION_ID_` varchar(64) COLLATE utf8_bin DEFAULT NULL,
  `PROC_INST_ID_` varchar(64) COLLATE utf8_bin DEFAULT NULL,
  `PROC_DEF_ID_` varchar(64) COLLATE utf8_bin DEFAULT NULL,
  `NAME_` varchar(255) COLLATE utf8_bin DEFAULT NULL,
  `PARENT_TASK_ID_` varchar(64) COLLATE utf8_bin DEFAULT NULL,
  `DESCRIPTION_` varchar(4000) COLLATE utf8_bin DEFAULT NULL,
  `TASK_DEF_KEY_` varchar(255) COLLATE utf8_bin DEFAULT NULL,
  `OWNER_` varchar(255) COLLATE utf8_bin DEFAULT NULL,
  `ASSIGNEE_` varchar(255) COLLATE utf8_bin DEFAULT NULL,
  `DELEGATION_` varchar(64) COLLATE utf8_bin DEFAULT NULL,
  `PRIORITY_` int(11) DEFAULT NULL,
  `CREATE_TIME_` timestamp NOT NULL DEFAULT CURRENT_TIMESTAMP ON UPDATE CURRENT_TIMESTAMP,
  `DUE_DATE_` datetime DEFAULT NULL,
  `SUSPENSION_STATE_` int(11) DEFAULT NULL,
  PRIMARY KEY (`ID_`),
  KEY `ACT_IDX_TASK_CREATE` (`CREATE_TIME_`),
  KEY `ACT_FK_TASK_EXE` (`EXECUTION_ID_`),
  KEY `ACT_FK_TASK_PROCINST` (`PROC_INST_ID_`),
  KEY `ACT_FK_TASK_PROCDEF` (`PROC_DEF_ID_`),
  CONSTRAINT `ACT_FK_TASK_EXE` FOREIGN KEY (`EXECUTION_ID_`) REFERENCES `act_ru_execution` (`ID_`),
  CONSTRAINT `ACT_FK_TASK_PROCDEF` FOREIGN KEY (`PROC_DEF_ID_`) REFERENCES `act_re_procdef` (`ID_`),
  CONSTRAINT `ACT_FK_TASK_PROCINST` FOREIGN KEY (`PROC_INST_ID_`) REFERENCES `act_ru_execution` (`ID_`)
) ENGINE=InnoDB DEFAULT CHARSET=utf8 COLLATE=utf8_bin;

-- ----------------------------
-- Records of act_ru_task
-- ----------------------------
INSERT INTO `act_ru_task` VALUES ('1316', '1', '1310', '1310', 'leave:1:1213', '', null, null, 'deptLeaderAudit', null, null, null, '50', '2013-09-17 15:41:31', null, '1');
INSERT INTO `act_ru_task` VALUES ('1416', '1', '1410', '1410', 'leave:1:1213', '', null, null, 'deptLeaderAudit', null, null, null, '50', '2013-09-17 15:46:22', null, '1');
INSERT INTO `act_ru_task` VALUES ('1516', '1', '1510', '1510', 'leave:1:1213', '', null, null, 'deptLeaderAudit', null, null, null, '50', '2013-09-17 16:43:30', null, '1');

-- ----------------------------
-- Table structure for act_ru_variable
-- ----------------------------
DROP TABLE IF EXISTS `act_ru_variable`;
CREATE TABLE `act_ru_variable` (
  `ID_` varchar(64) COLLATE utf8_bin NOT NULL,
  `REV_` int(11) DEFAULT NULL,
  `TYPE_` varchar(255) COLLATE utf8_bin NOT NULL,
  `NAME_` varchar(255) COLLATE utf8_bin NOT NULL,
  `EXECUTION_ID_` varchar(64) COLLATE utf8_bin DEFAULT NULL,
  `PROC_INST_ID_` varchar(64) COLLATE utf8_bin DEFAULT NULL,
  `TASK_ID_` varchar(64) COLLATE utf8_bin DEFAULT NULL,
  `BYTEARRAY_ID_` varchar(64) COLLATE utf8_bin DEFAULT NULL,
  `DOUBLE_` double DEFAULT NULL,
  `LONG_` bigint(20) DEFAULT NULL,
  `TEXT_` varchar(4000) COLLATE utf8_bin DEFAULT NULL,
  `TEXT2_` varchar(4000) COLLATE utf8_bin DEFAULT NULL,
  PRIMARY KEY (`ID_`),
  KEY `ACT_IDX_VARIABLE_TASK_ID` (`TASK_ID_`),
  KEY `ACT_FK_VAR_EXE` (`EXECUTION_ID_`),
  KEY `ACT_FK_VAR_PROCINST` (`PROC_INST_ID_`),
  KEY `ACT_FK_VAR_BYTEARRAY` (`BYTEARRAY_ID_`),
  CONSTRAINT `ACT_FK_VAR_BYTEARRAY` FOREIGN KEY (`BYTEARRAY_ID_`) REFERENCES `act_ge_bytearray` (`ID_`),
  CONSTRAINT `ACT_FK_VAR_EXE` FOREIGN KEY (`EXECUTION_ID_`) REFERENCES `act_ru_execution` (`ID_`),
  CONSTRAINT `ACT_FK_VAR_PROCINST` FOREIGN KEY (`PROC_INST_ID_`) REFERENCES `act_ru_execution` (`ID_`)
) ENGINE=InnoDB DEFAULT CHARSET=utf8 COLLATE=utf8_bin;

-- ----------------------------
-- Records of act_ru_variable
-- ----------------------------
INSERT INTO `act_ru_variable` VALUES ('1311', '1', 'string', 'applyUserId', '1310', '1310', null, null, null, null, '8a8080ce41156e59014115726b790013', null);
INSERT INTO `act_ru_variable` VALUES ('1411', '1', 'string', 'applyUserId', '1410', '1410', null, null, null, null, '8a8080ce41156e59014115726b790013', null);
INSERT INTO `act_ru_variable` VALUES ('1511', '1', 'string', 'applyUserId', '1510', '1510', null, null, null, null, '8a8080ce41156e59014115726b790013', null);

-- ----------------------------
-- Table structure for cgform_button
-- ----------------------------
DROP TABLE IF EXISTS `cgform_button`;
CREATE TABLE `cgform_button` (
  `ID` varchar(32) NOT NULL,
  `BUTTON_CODE` varchar(50) DEFAULT NULL,
  `button_icon` varchar(20) DEFAULT NULL,
  `BUTTON_NAME` varchar(50) DEFAULT NULL,
  `BUTTON_STATUS` varchar(2) DEFAULT NULL,
  `BUTTON_STYLE` varchar(20) DEFAULT NULL,
  `EXP` varchar(255) DEFAULT NULL,
  `FORM_ID` varchar(32) DEFAULT NULL,
  `OPT_TYPE` varchar(20) DEFAULT NULL,
  `order_num` int(11) DEFAULT NULL,
  PRIMARY KEY (`ID`)
) ENGINE=InnoDB DEFAULT CHARSET=utf8;

-- ----------------------------
-- Records of cgform_button
-- ----------------------------

-- ----------------------------
-- Table structure for cgform_button_sql
-- ----------------------------
DROP TABLE IF EXISTS `cgform_button_sql`;
CREATE TABLE `cgform_button_sql` (
  `ID` varchar(32) NOT NULL,
  `BUTTON_CODE` varchar(50) DEFAULT NULL,
  `CGB_SQL` tinyblob,
  `CGB_SQL_NAME` varchar(50) DEFAULT NULL,
  `CONTENT` longtext,
  `FORM_ID` varchar(32) DEFAULT NULL,
  PRIMARY KEY (`ID`)
) ENGINE=InnoDB DEFAULT CHARSET=utf8;

-- ----------------------------
-- Records of cgform_button_sql
-- ----------------------------

-- ----------------------------
-- Table structure for cgform_enhance_js
-- ----------------------------
DROP TABLE IF EXISTS `cgform_enhance_js`;
CREATE TABLE `cgform_enhance_js` (
  `ID` varchar(32) NOT NULL,
  `CG_JS` blob,
  `CG_JS_TYPE` varchar(20) DEFAULT NULL,
  `CONTENT` longtext,
  `FORM_ID` varchar(32) DEFAULT NULL,
  PRIMARY KEY (`ID`)
) ENGINE=InnoDB DEFAULT CHARSET=utf8;

-- ----------------------------
-- Records of cgform_enhance_js
-- ----------------------------
INSERT INTO `cgform_enhance_js` VALUES ('8a8080ce4110c410014110c4a8840135', 0x242866756E6374696F6E28297B0D0A242822626F647922292E617070656E6428223C6C696E6B20687265663D5C22706C75672D696E2F6C68674469616C6F672F736B696E732F64656661756C742E6373735C222072656C3D5C227374796C6573686565745C222069643D5C226C68676469616C6F676C696E6B5C223E22293B0D0A766172202462746E203D202428223C64697620636C6173733D5C2275695F627574746F6E735C2220207374796C653D5C22646973706C61793A696E6C696E652D626C6F636B3B5C223E3C696E707574207374796C653D5C22706F736974696F6E3A2072656C61746976653B746F703A202D3870783B5C2220636C6173733D5C2275695F73746174655F686967686C696768745C2220747970653D5C22627574746F6E5C222076616C75653D5C2273716CBDE2CEF65C22202020202020202069643D5C2273716C416E616C797A655C22202F3E3C2F6469763E22293B0D0A242822236367725F73716C22292E6166746572282462746E293B0D0A2462746E2E636C69636B2866756E6374696F6E28297B0D0A20242E616A6178287B0D0A202020202075726C3A2263675265706F7274436F6E74726F6C6C65722E646F3F6765744669656C6473222C0D0A20202020646174613A7B73716C3A242822236367725F73716C22292E76616C28297D2C0D0A09747970653A22506F7374222C0D0A2020202064617461547970653A226A736F6E222C0D0A20202020737563636573733A66756E6374696F6E2864617461297B0D0A202020202020696628646174612E7374617475733D3D227375636365737322297B0D0A202020202020202020242822236164645F6A666F726D5F63677265706F72745F6974656D5F7461626C6522292E656D70747928293B0D0A202020202020242E6561636828646174612E64617461732C66756E6374696F6E28696E6465782C65297B0D0A202020202020202076617220247472203D20242822236164645F6A666F726D5F63677265706F72745F6974656D5F7461626C655F74656D706C61746520747222292E636C6F6E6528293B0D0A2020202020202474722E66696E64282274643A6571283129203A7465787422292E76616C2865293B0D0A202020202020202474722E66696E64282274643A6571283229203A7465787422292E76616C28696E646578293B0D0A202020202020202474722E66696E64282274643A6571283329203A7465787422292E76616C2865293B0D0A20202020202020242822236164645F6A666F726D5F63677265706F72745F6974656D5F7461626C6522292E617070656E6428247472293B0D0A2020202020207D293B200D0A20202020726573657454724E756D28226164645F6A666F726D5F63677265706F72745F6974656D5F7461626C6522293B0D0A202020207D656C73657B0D0A0909242E6D657373616765722E616C6572742827B4EDCEF3272C646174612E6461746173293B0D0A097D0D0A20207D0D0A20207D293B0D0A207D293B0D0A7D293B, 'form', null, '8a8080ce4110c410014110c4a83e0120');

-- ----------------------------
-- Table structure for cgform_field
-- ----------------------------
DROP TABLE IF EXISTS `cgform_field`;
CREATE TABLE `cgform_field` (
  `id` varchar(32) NOT NULL,
  `content` varchar(200) NOT NULL,
  `create_by` varchar(255) DEFAULT NULL,
  `create_date` datetime DEFAULT NULL,
  `create_name` varchar(32) DEFAULT NULL,
  `dict_field` varchar(100) DEFAULT NULL,
  `dict_table` varchar(100) DEFAULT NULL,
  `dict_text` varchar(100) DEFAULT NULL,
  `field_href` varchar(200) DEFAULT NULL,
  `field_length` int(11) DEFAULT NULL,
  `field_name` varchar(32) NOT NULL,
  `field_valid_type` varchar(10) DEFAULT NULL,
  `is_key` varchar(2) DEFAULT NULL,
  `is_null` varchar(5) DEFAULT NULL,
  `is_query` varchar(5) DEFAULT NULL,
  `is_show` varchar(5) DEFAULT NULL,
  `is_show_list` varchar(5) DEFAULT NULL,
  `length` int(11) NOT NULL,
  `main_field` varchar(100) DEFAULT NULL,
  `main_table` varchar(100) DEFAULT NULL,
  `old_field_name` varchar(32) DEFAULT NULL,
  `order_num` int(11) DEFAULT NULL,
  `point_length` int(11) DEFAULT NULL,
  `query_mode` varchar(10) DEFAULT NULL,
  `show_type` varchar(10) DEFAULT NULL,
  `type` varchar(8) NOT NULL,
  `update_by` varchar(32) DEFAULT NULL,
  `update_date` datetime DEFAULT NULL,
  `update_name` varchar(32) DEFAULT NULL,
  `table_id` varchar(32) NOT NULL,
  PRIMARY KEY (`id`),
  KEY `FKF0DE4D239C5C54BE` (`table_id`),
  CONSTRAINT `FKF0DE4D239C5C54BE` FOREIGN KEY (`table_id`) REFERENCES `cgform_head` (`id`)
) ENGINE=InnoDB DEFAULT CHARSET=utf8;

-- ----------------------------
-- Records of cgform_field
-- ----------------------------
INSERT INTO `cgform_field` VALUES ('8a8080ce4110c410014110c4a84f0125', '', 'admin', '2013-09-12 14:03:45', '', '', '', null, null, '0', 'id', null, 'Y', 'N', 'N', 'N', 'N', '36', '', '', null, '0', '0', 'single', 'text', 'string', null, null, null, '8a8080ce4110c410014110c4a838011e');
INSERT INTO `cgform_field` VALUES ('8a8080ce4110c410014110c4a8540126', '', 'admin', '2013-09-12 14:03:45', '', '', '', null, null, '0', 'order_code', null, 'N', 'Y', 'Y', 'Y', 'Y', '50', '', '', null, '1', '0', 'single', 'text', 'string', null, null, null, '8a8080ce4110c410014110c4a838011e');
INSERT INTO `cgform_field` VALUES ('8a8080ce4110c410014110c4a8560127', '', 'admin', '2013-09-12 14:03:45', '', '', '', null, null, '0', 'order_date', null, 'N', 'Y', 'Y', 'Y', 'Y', '20', '', '', null, '2', '0', 'single', 'date', 'Date', null, null, null, '8a8080ce4110c410014110c4a838011e');
INSERT INTO `cgform_field` VALUES ('8a8080ce4110c410014110c4a8580128', '', 'admin', '2013-09-12 14:03:45', '', '', '', null, null, '0', 'order_money', null, 'N', 'Y', 'Y', 'Y', 'Y', '10', '', '', null, '3', '3', 'single', 'text', 'double', null, null, null, '8a8080ce4110c410014110c4a838011e');
INSERT INTO `cgform_field` VALUES ('8a8080ce4110c410014110c4a85b0129', '', 'admin', '2013-09-12 14:03:45', '', '', '', null, null, '0', 'content', null, 'N', 'Y', 'Y', 'Y', 'Y', '255', '', '', null, '4', '0', 'single', 'text', 'string', null, null, null, '8a8080ce4110c410014110c4a838011e');
INSERT INTO `cgform_field` VALUES ('8a8080ce4110c410014110c4a863012a', '', 'admin', '2013-09-12 14:03:45', '', '', '', null, null, '0', 'id', null, 'Y', 'N', 'N', 'N', 'N', '36', '', '', null, '0', '0', 'single', 'text', 'string', null, null, null, '8a8080ce4110c410014110c4a83c011f');
INSERT INTO `cgform_field` VALUES ('8a8080ce4110c410014110c4a865012b', '', 'admin', '2013-09-12 14:03:45', '', '', '', null, null, '0', 'title', null, 'N', 'N', 'N', 'Y', 'Y', '50', '', '', null, '1', '0', 'single', 'text', 'string', null, null, null, '8a8080ce4110c410014110c4a83c011f');
INSERT INTO `cgform_field` VALUES ('8a8080ce4110c410014110c4a867012c', '', 'admin', '2013-09-12 14:03:45', '', '', '', null, null, '0', 'people', null, 'N', 'N', 'Y', 'Y', 'Y', '20', '', '', null, '2', '0', 'single', 'text', 'string', null, null, null, '8a8080ce4110c410014110c4a83c011f');
INSERT INTO `cgform_field` VALUES ('8a8080ce4110c410014110c4a869012d', '', 'admin', '2013-09-12 14:03:45', '', 'sex', '', null, null, '0', 'sex', null, 'N', 'N', 'Y', 'Y', 'Y', '10', '', '', null, '3', '0', 'single', 'list', 'string', null, null, null, '8a8080ce4110c410014110c4a83c011f');
INSERT INTO `cgform_field` VALUES ('8a8080ce4110c410014110c4a86b012e', '', 'admin', '2013-09-12 14:03:45', '', '', '', null, null, '0', 'begindate', null, 'N', 'N', 'N', 'Y', 'Y', '0', '', '', null, '4', '0', 'group', 'date', 'Date', null, null, null, '8a8080ce4110c410014110c4a83c011f');
INSERT INTO `cgform_field` VALUES ('8a8080ce4110c410014110c4a86d012f', '', 'admin', '2013-09-12 14:03:45', '', '', '', null, null, '0', 'enddate', null, 'N', 'N', 'N', 'Y', 'Y', '0', '', '', null, '5', '0', 'group', 'datetime', 'Date', null, null, null, '8a8080ce4110c410014110c4a83c011f');
INSERT INTO `cgform_field` VALUES ('8a8080ce4110c410014110c4a86f0130', '', 'admin', '2013-09-12 14:03:45', '', 'departname', 't_s_depart', null, null, '0', 'hol_dept', null, 'N', 'N', 'N', 'Y', 'Y', '20', '', '', null, '7', '0', 'single', 'list', 'string', null, null, null, '8a8080ce4110c410014110c4a83c011f');
INSERT INTO `cgform_field` VALUES ('8a8080ce4110c410014110c4a8720131', '', 'admin', '2013-09-12 14:03:45', '', '', '', null, null, '0', 'hol_reson', null, 'N', 'N', 'N', 'Y', 'Y', '255', '', '', null, '8', '0', 'single', 'text', 'string', null, null, null, '8a8080ce4110c410014110c4a83c011f');
INSERT INTO `cgform_field` VALUES ('8a8080ce4110c410014110c4a8740132', '', 'admin', '2013-09-12 14:03:45', '', '', '', null, null, '0', 'dep_leader', null, 'N', 'N', 'N', 'Y', 'Y', '20', '', '', null, '9', '0', 'single', 'text', 'string', null, null, null, '8a8080ce4110c410014110c4a83c011f');
INSERT INTO `cgform_field` VALUES ('8a8080ce4110c410014110c4a8760133', '', 'admin', '2013-09-12 14:03:45', '', '', '', null, null, '0', 'content', null, 'N', 'N', 'N', 'Y', 'Y', '255', '', '', null, '10', '0', 'single', 'text', 'string', null, null, null, '8a8080ce4110c410014110c4a83c011f');
INSERT INTO `cgform_field` VALUES ('8a8080ce4110c410014110c4a8780134', '', 'admin', '2013-09-12 14:03:45', '', '', '', null, null, '120', 'day_num', null, 'N', 'N', 'N', 'Y', 'Y', '0', '', '', null, '6', '0', 'single', 'text', 'int', null, null, null, '8a8080ce4110c410014110c4a83c011f');
INSERT INTO `cgform_field` VALUES ('8a8080ce4110c410014110c4a8870136', '', 'admin', '2013-09-12 14:03:45', '', '', '', null, null, '120', 'id', null, 'Y', 'N', 'N', 'N', 'N', '36', '', '', null, '0', '0', 'single', 'checkbox', 'string', null, null, null, '8a8080ce4110c410014110c4a83e0120');
INSERT INTO `cgform_field` VALUES ('8a8080ce4110c410014110c4a8890137', '', 'admin', '2013-09-12 14:03:45', '', '', '', null, null, '120', 'code', null, 'N', 'N', 'Y', 'Y', 'Y', '36', '', '', null, '1', '0', 'single', 'text', 'string', null, null, null, '8a8080ce4110c410014110c4a83e0120');
INSERT INTO `cgform_field` VALUES ('8a8080ce4110c410014110c4a88b0138', '', 'admin', '2013-09-12 14:03:45', '', '', '', null, null, '120', 'name', null, 'N', 'N', 'Y', 'Y', 'Y', '100', '', '', null, '2', '0', 'single', 'text', 'string', null, null, null, '8a8080ce4110c410014110c4a83e0120');
INSERT INTO `cgform_field` VALUES ('8a8080ce4110c410014110c4a88e0139', 'SQL', 'admin', '2013-09-12 14:03:45', '', '', '', null, null, '120', 'cgr_sql', null, 'N', 'N', 'Y', 'Y', 'Y', '2000', '', '', null, '3', '0', 'single', 'textarea', 'string', null, null, null, '8a8080ce4110c410014110c4a83e0120');
INSERT INTO `cgform_field` VALUES ('8a8080ce4110c410014110c4a890013a', '', 'admin', '2013-09-12 14:03:45', '', '', '', null, null, '120', 'content', null, 'N', 'N', 'Y', 'Y', 'Y', '1000', '', '', null, '4', '0', 'single', 'textarea', 'string', null, null, null, '8a8080ce4110c410014110c4a83e0120');
INSERT INTO `cgform_field` VALUES ('8a8080ce4110c410014110c4a894013b', '', 'admin', '2013-09-12 14:03:45', '', '', '', null, null, '120', 'id', null, 'Y', 'N', 'N', 'N', 'N', '36', '', '', null, '0', '0', 'single', 'checkbox', 'string', null, null, null, '8a8080ce4110c410014110c4a8410121');
INSERT INTO `cgform_field` VALUES ('8a8080ce4110c410014110c4a896013c', '', 'admin', '2013-09-12 14:03:45', '', '', '', null, null, '120', 'field_name', null, 'N', 'Y', 'N', 'Y', 'Y', '36', '', '', null, '1', '0', 'single', 'text', 'string', null, null, null, '8a8080ce4110c410014110c4a8410121');
INSERT INTO `cgform_field` VALUES ('8a8080ce4110c410014110c4a899013d', '', 'admin', '2013-09-12 14:03:45', '', '', '', null, null, '120', 'order_num', null, 'N', 'Y', 'N', 'Y', 'Y', '10', '', '', null, '2', '0', 'single', 'text', 'int', null, null, null, '8a8080ce4110c410014110c4a8410121');
INSERT INTO `cgform_field` VALUES ('8a8080ce4110c410014110c4a89b013e', '', 'admin', '2013-09-12 14:03:45', '', 'searchmode', '', null, null, '120', 's_mode', null, 'N', 'Y', 'N', 'Y', 'Y', '10', '', '', null, '5', '0', 'single', 'list', 'string', null, null, null, '8a8080ce4110c410014110c4a8410121');
INSERT INTO `cgform_field` VALUES ('8a8080ce4110c410014110c4a89d013f', '', 'admin', '2013-09-12 14:03:45', '', '', '', null, null, '120', 'replace_va', null, 'N', 'Y', 'N', 'Y', 'Y', '36', '', '', null, '6', '0', 'single', 'text', 'string', null, null, null, '8a8080ce4110c410014110c4a8410121');
INSERT INTO `cgform_field` VALUES ('8a8080ce4110c410014110c4a89f0140', 'Code', 'admin', '2013-09-12 14:03:45', '', '', '', null, null, '120', 'dict_code', null, 'N', 'Y', 'N', 'Y', 'Y', '36', '', '', null, '7', '0', 'single', 'text', 'string', null, null, null, '8a8080ce4110c410014110c4a8410121');
INSERT INTO `cgform_field` VALUES ('8a8080ce4110c410014110c4a8a10141', '', 'admin', '2013-09-12 14:03:45', '', 'yesorno', '', null, null, '120', 's_flag', null, 'N', 'Y', 'N', 'Y', 'Y', '2', '', '', null, '8', '0', 'single', 'list', 'string', null, null, null, '8a8080ce4110c410014110c4a8410121');
INSERT INTO `cgform_field` VALUES ('8a8080ce4110c410014110c4a8a40142', '', 'admin', '2013-09-12 14:03:45', '', '', '', null, null, '120', 'cgrhead_id', null, 'N', 'Y', 'N', 'N', 'N', '36', 'id', 'jform_cgreport_head', null, '9', '0', 'single', 'text', 'string', null, null, null, '8a8080ce4110c410014110c4a8410121');
INSERT INTO `cgform_field` VALUES ('8a8080ce4110c410014110c4a8a60143', '', 'admin', '2013-09-12 14:03:45', '', '', '', null, null, '120', 'field_txt', null, 'N', 'Y', 'N', 'Y', 'Y', '1000', '', '', null, '3', '0', 'single', 'text', 'string', null, null, null, '8a8080ce4110c410014110c4a8410121');
INSERT INTO `cgform_field` VALUES ('8a8080ce4110c410014110c4a8a90144', '', 'admin', '2013-09-12 14:03:45', '', 'fieldtype', '', null, null, '120', 'field_type', null, 'N', 'Y', 'N', 'Y', 'Y', '10', '', '', null, '4', '0', 'single', 'list', 'string', null, null, null, '8a8080ce4110c410014110c4a8410121');
INSERT INTO `cgform_field` VALUES ('8a8080ce4110c410014110c4a8ad0145', '', 'admin', '2013-09-12 14:03:45', '', '', '', null, null, '0', 'id', null, 'Y', 'N', 'N', 'N', 'N', '36', '', '', null, '0', '0', 'single', 'text', 'string', null, null, null, '8a8080ce4110c410014110c4a8430122');
INSERT INTO `cgform_field` VALUES ('8a8080ce4110c410014110c4a8af0146', '', 'admin', '2013-09-12 14:03:45', '', '', '', null, null, '0', 'name', null, 'N', 'Y', 'Y', 'Y', 'Y', '32', '', '', null, '1', '0', 'single', 'text', 'string', null, null, null, '8a8080ce4110c410014110c4a8430122');
INSERT INTO `cgform_field` VALUES ('8a8080ce4110c410014110c4a8b20147', '', 'admin', '2013-09-12 14:03:45', '', '', '', null, null, '0', 'money', null, 'N', 'Y', 'Y', 'Y', 'Y', '10', '', '', null, '2', '2', 'group', 'text', 'double', null, null, null, '8a8080ce4110c410014110c4a8430122');
INSERT INTO `cgform_field` VALUES ('8a8080ce4110c410014110c4a8b40148', '', 'admin', '2013-09-12 14:03:45', '', '', '', null, null, '120', 'fk_id', null, 'N', 'N', 'Y', 'N', 'N', '36', 'id', 'jform_order_main', null, '5', '0', 'single', 'text', 'string', null, null, null, '8a8080ce4110c410014110c4a8430122');
INSERT INTO `cgform_field` VALUES ('8a8080ce4110c410014110c4a8b70149', '', 'admin', '2013-09-12 14:03:45', '', '', '', null, null, '120', 'telphone', null, 'N', 'Y', 'Y', 'Y', 'Y', '32', '', '', null, '4', '0', 'single', 'text', 'string', null, null, null, '8a8080ce4110c410014110c4a8430122');
INSERT INTO `cgform_field` VALUES ('8a8080ce4110c410014110c4a8b9014a', '', 'admin', '2013-09-12 14:03:45', '', 'sex', '', null, null, '120', 'sex', null, 'N', 'Y', 'Y', 'Y', 'Y', '4', '', '', null, '3', '0', 'single', 'text', 'string', null, null, null, '8a8080ce4110c410014110c4a8430122');
INSERT INTO `cgform_field` VALUES ('8a8080ce4110c410014110c4a8bd014b', '', 'admin', '2013-09-12 14:03:45', '', '', '', null, null, '120', 'id', null, 'Y', 'N', 'N', 'N', 'N', '36', '', '', null, '0', '0', 'single', 'checkbox', 'string', null, null, null, '8a8080ce4110c410014110c4a8480123');
INSERT INTO `cgform_field` VALUES ('8a8080ce4110c410014110c4a8bf014c', '', 'admin', '2013-09-12 14:03:45', '', '', '', null, null, '120', 'ticket_code', null, 'N', 'N', 'Y', 'Y', 'Y', '100', '', '', null, '1', '0', 'single', 'text', 'string', null, null, null, '8a8080ce4110c410014110c4a8480123');
INSERT INTO `cgform_field` VALUES ('8a8080ce4110c410014110c4a8c2014d', '', 'admin', '2013-09-12 14:03:45', '', '', '', null, null, '120', 'tickect_date', null, 'N', 'N', 'Y', 'Y', 'Y', '10', '', '', null, '2', '0', 'single', 'text', 'Date', null, null, null, '8a8080ce4110c410014110c4a8480123');
INSERT INTO `cgform_field` VALUES ('8a8080ce4110c410014110c4a8c4014e', '', 'admin', '2013-09-12 14:03:45', '', '', '', null, null, '120', 'fck_id', null, 'N', 'N', 'N', 'N', 'N', '36', 'id', 'jform_order_main', null, '3', '0', 'single', 'text', 'string', null, null, null, '8a8080ce4110c410014110c4a8480123');
INSERT INTO `cgform_field` VALUES ('8a8080ce4110c410014110c4a8c9014f', '', 'admin', '2013-09-12 14:03:45', '', '', '', null, null, '0', 'id', null, 'Y', 'N', 'N', 'N', 'N', '36', '', '', null, '0', '0', 'single', 'text', 'string', null, null, null, '8a8080ce4110c410014110c4a84b0124');
INSERT INTO `cgform_field` VALUES ('8a8080ce4110c410014110c4a8cb0150', '', 'admin', '2013-09-12 14:03:45', '', '', '', null, null, '0', 'a', null, 'N', 'N', 'Y', 'Y', 'Y', '10', '', '', null, '1', '2', 'group', 'text', 'double', null, null, null, '8a8080ce4110c410014110c4a84b0124');
INSERT INTO `cgform_field` VALUES ('8a8080ce4110c410014110c4a8cd0151', '', 'admin', '2013-09-12 14:03:45', '', '', '', null, null, '0', 'b1', null, 'N', 'N', 'N', 'Y', 'Y', '10', '', '', null, '2', '2', 'group', 'text', 'double', null, null, null, '8a8080ce4110c410014110c4a84b0124');
INSERT INTO `cgform_field` VALUES ('8a8080ce4110c410014110c4a8cf0152', '', 'admin', '2013-09-12 14:03:45', '', '', '', null, null, '0', 'b11', null, 'N', 'N', 'N', 'Y', 'Y', '100', '', '', null, '3', '0', 'group', 'text', 'string', null, null, null, '8a8080ce4110c410014110c4a84b0124');
INSERT INTO `cgform_field` VALUES ('8a8080ce4110c410014110c4a8d20153', '', 'admin', '2013-09-12 14:03:45', '', '', '', null, null, '0', 'b12', null, 'N', 'N', 'N', 'Y', 'Y', '100', '', '', null, '4', '0', 'group', 'text', 'string', null, null, null, '8a8080ce4110c410014110c4a84b0124');
INSERT INTO `cgform_field` VALUES ('8a8080ce4110c410014110c4a8d40154', '', 'admin', '2013-09-12 14:03:45', '', '', '', null, null, '0', 'b13', null, 'N', 'N', 'N', 'Y', 'Y', '100', '', '', null, '5', '0', 'single', 'text', 'string', null, null, null, '8a8080ce4110c410014110c4a84b0124');
INSERT INTO `cgform_field` VALUES ('8a8080ce4110c410014110c4a8d60155', '', 'admin', '2013-09-12 14:03:45', '', '', '', null, null, '0', 'b2', null, 'N', 'N', 'N', 'Y', 'Y', '10', '', '', null, '6', '2', 'single', 'text', 'double', null, null, null, '8a8080ce4110c410014110c4a84b0124');
INSERT INTO `cgform_field` VALUES ('8a8080ce4110c410014110c4a8d80156', '', 'admin', '2013-09-12 14:03:45', '', '', '', null, null, '0', 'b3', null, 'N', 'N', 'N', 'Y', 'Y', '10', '', '', null, '7', '2', 'single', 'text', 'double', null, null, null, '8a8080ce4110c410014110c4a84b0124');
INSERT INTO `cgform_field` VALUES ('8a8080ce4110c410014110c4a8da0157', '', 'admin', '2013-09-12 14:03:45', '', '', '', null, null, '0', 'b31', null, 'N', 'N', 'N', 'Y', 'Y', '100', '', '', null, '8', '0', 'single', 'text', 'string', null, null, null, '8a8080ce4110c410014110c4a84b0124');
INSERT INTO `cgform_field` VALUES ('8a8080ce4110c410014110c4a8dc0158', '', 'admin', '2013-09-12 14:03:45', '', '', '', null, null, '0', 'b32', null, 'N', 'N', 'N', 'Y', 'Y', '100', '', '', null, '9', '0', 'single', 'text', 'string', null, null, null, '8a8080ce4110c410014110c4a84b0124');
INSERT INTO `cgform_field` VALUES ('8a8080ce4110c410014110c4a8df0159', '', 'admin', '2013-09-12 14:03:45', '', '', '', null, null, '0', 'b33', null, 'N', 'N', 'N', 'Y', 'Y', '100', '', '', null, '10', '0', 'single', 'text', 'string', null, null, null, '8a8080ce4110c410014110c4a84b0124');
INSERT INTO `cgform_field` VALUES ('8a8080ce4110c410014110c4a8e1015a', '', 'admin', '2013-09-12 14:03:45', '', '', '', null, null, '0', 'c1', null, 'N', 'N', 'N', 'Y', 'Y', '10', '', '', null, '11', '2', 'single', 'text', 'double', null, null, null, '8a8080ce4110c410014110c4a84b0124');
INSERT INTO `cgform_field` VALUES ('8a8080ce4110c410014110c4a8e3015b', '', 'admin', '2013-09-12 14:03:45', '', '', '', null, null, '0', 'c2', null, 'N', 'N', 'N', 'Y', 'Y', '10', '', '', null, '12', '2', 'single', 'text', 'double', null, null, null, '8a8080ce4110c410014110c4a84b0124');
INSERT INTO `cgform_field` VALUES ('8a8080ce4110c410014110c4a8e6015c', '', 'admin', '2013-09-12 14:03:45', '', '', '', null, null, '0', 'c3', null, 'N', 'N', 'N', 'Y', 'Y', '10', '', '', null, '13', '2', 'single', 'text', 'double', null, null, null, '8a8080ce4110c410014110c4a84b0124');
INSERT INTO `cgform_field` VALUES ('8a8080ce4110c410014110c4a8e8015d', '', 'admin', '2013-09-12 14:03:45', '', '', '', null, null, '0', 'd', null, 'N', 'N', 'Y', 'Y', 'Y', '10', '', '', null, '14', '2', 'single', 'text', 'int', null, null, null, '8a8080ce4110c410014110c4a84b0124');
INSERT INTO `cgform_field` VALUES ('8a8080ce4110c410014110c4a8ea015e', '', 'admin', '2013-09-12 14:03:45', '', '', '', null, null, '0', 'd1', null, 'N', 'N', 'N', 'Y', 'Y', '1000', '', '', null, '15', '0', 'single', 'text', 'string', null, null, null, '8a8080ce4110c410014110c4a84b0124');

-- ----------------------------
-- Table structure for cgform_ftl
-- ----------------------------
DROP TABLE IF EXISTS `cgform_ftl`;
CREATE TABLE `cgform_ftl` (
  `ID` varchar(32) NOT NULL,
  `CGFORM_ID` varchar(36) NOT NULL,
  `CGFORM_NAME` varchar(100) NOT NULL,
  `CREATE_BY` varchar(36) DEFAULT NULL,
  `CREATE_DATE` datetime DEFAULT NULL,
  `CREATE_NAME` varchar(32) DEFAULT NULL,
  `FTL_CONTENT` blob,
  `FTL_STATUS` varchar(50) DEFAULT NULL,
  `FTL_VERSION` varchar(50) NOT NULL,
  `FTL_WORD_URL` varchar(200) DEFAULT NULL,
  `UPDATE_BY` varchar(36) DEFAULT NULL,
  `UPDATE_DATE` datetime DEFAULT NULL,
  `UPDATE_NAME` varchar(32) DEFAULT NULL,
  PRIMARY KEY (`ID`)
) ENGINE=InnoDB DEFAULT CHARSET=utf8;

-- ----------------------------
-- Records of cgform_ftl
-- ----------------------------

-- ----------------------------
-- Table structure for cgform_head
-- ----------------------------
DROP TABLE IF EXISTS `cgform_head`;
CREATE TABLE `cgform_head` (
  `id` varchar(32) NOT NULL,
  `content` varchar(200) NOT NULL,
  `create_by` varchar(32) DEFAULT NULL,
  `create_date` datetime DEFAULT NULL,
  `create_name` varchar(32) DEFAULT NULL,
  `is_checkbox` varchar(5) NOT NULL,
  `is_dbsynch` varchar(20) NOT NULL,
  `is_pagination` varchar(5) NOT NULL,
  `is_tree` varchar(5) NOT NULL,
  `jform_type` int(11) NOT NULL,
  `jform_version` varchar(10) NOT NULL,
  `js_plug_in` longtext,
  `querymode` varchar(10) NOT NULL,
  `sql_plug_in` longtext,
  `sub_table_str` longtext,
  `table_name` varchar(20) NOT NULL,
  `update_by` varchar(32) DEFAULT NULL,
  `update_date` datetime DEFAULT NULL,
  `update_name` varchar(32) DEFAULT NULL,
  PRIMARY KEY (`id`)
) ENGINE=InnoDB DEFAULT CHARSET=utf8;

-- ----------------------------
-- Records of cgform_head
-- ----------------------------
INSERT INTO `cgform_head` VALUES ('8a8080ce4110c410014110c4a838011e', '', 'admin', '2013-09-12 14:03:45', '', 'N', 'N', 'Y', 'N', '2', '57', '0', 'group', '0', 'jform_order_ticket,jform_order_customer', 'jform_order_main', null, null, null);
INSERT INTO `cgform_head` VALUES ('8a8080ce4110c410014110c4a83c011f', '', 'admin', '2013-09-12 14:03:45', '', 'N', 'N', 'Y', 'N', '1', '51', '0', 'group', '0', null, 'jform_leave', null, null, null);
INSERT INTO `cgform_head` VALUES ('8a8080ce4110c410014110c4a83e0120', '', 'admin', '2013-09-12 14:03:45', '', 'N', 'N', 'Y', 'N', '2', '87', '$(function(){\r\n$(\"body\").append(\"<link href=\\\"plug-in/lhgDialog/skins/default.css\\\" rel=\\\"stylesheet\\\" id=\\\"lhgdialoglink\\\">\");\r\nvar $btn = $(\"<div class=\\\"ui_buttons\\\"  style=\\\"display:inline-block;\\\"><input style=\\\"position: relative;top: -8px;\\\" class=\\\"ui_state_highlight\\\" type=\\\"button\\\" value=\\\"sql\\\"        id=\\\"sqlAnalyze\\\" /></div>\");\r\n$(\"#cgr_sql\").after($btn);\r\n$btn.click(function(){\r\n $.ajax({\r\n     url:\"cgReportController.do?getFields\",\r\n    data:{sql:$(\"#cgr_sql\").val()},\r\n   type:\"Post\",\r\n    dataType:\"json\",\r\n    success:function(data){\r\n      if(data.status==\"success\"){\r\n         $(\"#add_jform_cgreport_item_table\").empty();\r\n      $.each(data.datas,function(index,e){\r\n        var $tr = $(\"#add_jform_cgreport_item_table_template tr\").clone();\r\n      $tr.find(\"td:eq(1) :text\").val(e);\r\n       $tr.find(\"td:eq(2) :text\").val(index);\r\n       $tr.find(\"td:eq(3) :text\").val(e);\r\n       $(\"#add_jform_cgreport_item_table\").append($tr);\r\n      }); \r\n    resetTrNum(\"add_jform_cgreport_item_table\");\r\n    }\r\n  }\r\n  });\r\n });\r\n});', 'single', 'select * from t_s_user', 'jform_cgreport_item', 'jform_cgreport_head', null, null, null);
INSERT INTO `cgform_head` VALUES ('8a8080ce4110c410014110c4a8410121', '', 'admin', '2013-09-12 14:03:45', '', 'N', 'N', 'Y', 'N', '3', '12', '0', 'single', '0', null, 'jform_cgreport_item', null, null, null);
INSERT INTO `cgform_head` VALUES ('8a8080ce4110c410014110c4a8430122', '', 'admin', '2013-09-12 14:03:45', '', 'Y', 'N', 'Y', 'N', '3', '16', 'alert(\' hello world \');', 'single', '0', null, 'jform_order_customer', null, null, null);
INSERT INTO `cgform_head` VALUES ('8a8080ce4110c410014110c4a8480123', '', 'admin', '2013-09-12 14:03:45', '', 'N', 'N', 'Y', 'N', '3', '20', '$(\"input/[name=\'name\']\").change( function() { \r\n  \r\n  var name = $(\"#name\").val();  \r\nalert(name);});', 'single', '0', null, 'jform_order_ticket', null, null, null);
INSERT INTO `cgform_head` VALUES ('8a8080ce4110c410014110c4a84b0124', '', 'admin', '2013-09-12 14:03:45', '', 'N', 'N', 'Y', 'N', '1', '3', '0', 'group', '0', null, 'jform_price1', null, null, null);

-- ----------------------------
-- Table structure for cgform_uploadfiles
-- ----------------------------
DROP TABLE IF EXISTS `cgform_uploadfiles`;
CREATE TABLE `cgform_uploadfiles` (
  `CGFORM_FIELD` varchar(100) NOT NULL,
  `CGFORM_ID` varchar(36) NOT NULL,
  `CGFORM_NAME` varchar(100) NOT NULL,
  `id` varchar(32) NOT NULL,
  PRIMARY KEY (`id`),
  KEY `FK8C566E7F8302FB4F` (`id`),
  CONSTRAINT `FK8C566E7F8302FB4F` FOREIGN KEY (`id`) REFERENCES `t_s_attachment` (`id`)
) ENGINE=InnoDB DEFAULT CHARSET=utf8;

-- ----------------------------
-- Records of cgform_uploadfiles
-- ----------------------------

-- ----------------------------
-- Table structure for ck_editor
-- ----------------------------
DROP TABLE IF EXISTS `ck_editor`;
CREATE TABLE `ck_editor` (
  `ID` varchar(32) NOT NULL,
  `CONTENTS` blob,
  PRIMARY KEY (`ID`)
) ENGINE=InnoDB DEFAULT CHARSET=utf8;

-- ----------------------------
-- Records of ck_editor
-- ----------------------------
INSERT INTO `ck_editor` VALUES ('8a8080ce4110c410014110c4a834011d', 0x3C68746D6C3E3C686561643E3C7469746C653E3C2F7469746C653E3C6C696E6B20687265663D27706C75672D696E2F6561737975692F7468656D65732F64656661756C742F6561737975692E637373272069643D276561737975695468656D65272072656C3D277374796C6573686565742720747970653D27746578742F63737327202F3E3C6C696E6B20687265663D27706C75672D696E2F6561737975692F7468656D65732F69636F6E2E637373272072656C3D277374796C6573686565742720747970653D27746578742F63737327202F3E3C6C696E6B20687265663D27706C75672D696E2F6163636F7264696F6E2F6373732F6163636F7264696F6E2E637373272072656C3D277374796C6573686565742720747970653D27746578742F63737327202F3E3C6C696E6B20687265663D27706C75672D696E2F56616C6964666F726D2F6373732F7374796C652E637373272072656C3D277374796C6573686565742720747970653D27746578742F63737327202F3E3C6C696E6B20687265663D27706C75672D696E2F56616C6964666F726D2F6373732F7461626C6566726F6D2E637373272072656C3D277374796C6573686565742720747970653D27746578742F63737327202F3E3C7374796C6520747970653D27746578742F637373273E626F64797B666F6E742D73697A653A313270783B7D7461626C65207B626F726465723A31707820736F6C696420233030303030303B626F726465722D636F6C6C617073653A20636F6C6C617073653B7D7464207B626F726465723A31707820736F6C696420233030303030303B6261636B67726F756E643A77686974653B666F6E742D73697A653A313270783B666F6E742D66616D696C793A20E696B0E5AE8BE4BD933B636F6C6F723A20233333333B3C2F7374796C653E3C2F686561643E3C626F64793E3C6469763E3C703EE99984E4BBB632EFBC9A3C2F703E3C6831207374796C653D27746578742D616C69676E3A63656E746572273E3C7370616E207374796C653D27666F6E742D73697A653A32347078273E3C7374726F6E673EE4BBB7E6A0BCE8AEA4E8AF81E4BABAE59198E7BB9FE8AEA1E8A1A83C2F7374726F6E673E3C2F7370616E3E3C2F68313E3C703EE5A1ABE68AA5E58D95E4BD8DEFBC88E79B96E7ABA0EFBC89EFBC9A3C696E707574206E616D653D276F72675F6E616D652720747970653D2774657874272076616C75653D27247B6F72675F6E616D653F69665F6578697374733F68746D6C7D27202F3E3C2F703E3C703EE58D95E4BD8DE4BBA3E7A081E58FB7EFBC9A3C696E707574206E616D653D276E756D2720747970653D2774657874272076616C75653D27247B6E756D3F69665F6578697374733F68746D6C7D27202F3E20266E6273703B266E6273703B266E6273703B266E6273703B266E6273703B266E6273703B266E6273703B266E6273703B266E6273703B266E6273703B266E6273703B266E6273703B266E6273703B266E6273703B266E6273703B266E6273703B266E6273703B266E6273703B266E6273703B266E6273703B266E6273703B266E6273703B266E6273703B266E6273703B266E6273703B266E6273703B266E6273703B266E6273703B266E6273703B266E6273703B266E6273703B266E6273703B266E6273703B266E6273703B266E6273703B266E6273703B266E6273703B266E6273703B266E6273703B266E6273703B266E6273703B266E6273703B266E6273703B266E6273703B266E6273703B266E6273703B266E6273703B266E6273703B266E6273703B266E6273703B266E6273703B266E6273703B266E6273703B266E6273703B266E6273703B266E6273703B266E6273703B266E6273703BE58D95E4BD8DEFBC9AE4BABAE5A1AB266E6273703B266E6273703B266E6273703B266E6273703B266E6273703B266E6273703B266E6273703B266E6273703B266E6273703B266E6273703B266E6273703B266E6273703B266E6273703B266E6273703B266E6273703B266E6273703B266E6273703B266E6273703B20E68AA5E697A5E69C9FEFBC9A266E6273703B266E6273703B266E6273703B266E6273703B266E6273703B20E5B9B4266E6273703B266E6273703B20E69C88266E6273703B266E6273703B20E697A53C2F703E3C666F726D20616374696F6E3D276367466F726D4275696C64436F6E74726F6C6C65722E646F3F736176654F72557064617465272069643D27666F726D6F626A27206D6574686F643D27706F737427206E616D653D27666F726D6F626A273E3C696E707574206E616D653D277461626C654E616D652720747970653D2768696464656E272076616C75653D27247B7461626C654E616D653F69665F6578697374733F68746D6C7D27202F3E203C696E707574206E616D653D2769642720747970653D2768696464656E272076616C75653D27247B69643F69665F6578697374733F68746D6C7D27202F3E237B6A666F726D5F68696464656E5F6669656C647D3C696E70757420747970653D2768696464656E27202F3E3C703E266E6273703B3C2F703E3C7461626C6520626F726465723D2731272063656C6C70616464696E673D2730272063656C6C73706163696E673D273027207374796C653D2777696474683A313031367078273E3C74626F64793E3C74723E3C746420726F777370616E3D2734273E3C703E266E6273703B3C2F703E3C703E266E6273703B3C2F703E3C703EE59088E8AEA13C2F703E3C703E266E6273703B3C2F703E3C2F74643E3C746420636F6C7370616E3D27362720726F777370616E3D2732273E3C703E266E6273703B3C2F703E3C703EE4BABAE695B03C2F703E3C2F74643E3C746420636F6C7370616E3D27352720726F777370616E3D2732273E3C703E266E6273703B3C2F703E3C703EE5ADA6E58E863C2F703E3C2F74643E3C746420636F6C7370616E3D27342720726F777370616E3D2732273E3C703E266E6273703B3C2F703E3C703EE58F96E5BE97E79A84EFBC88E4B88AE5B297EFBC89E689A7E4B89AE8B584E6A0BC3C2F703E3C2F74643E3C746420636F6C7370616E3D2734273E3C703EE4B893E4B89AE68A80E69CAFE8818CE7A7B03C2F703E3C2F74643E3C2F74723E3C74723E3C746420636F6C7370616E3D2734273E3C703EEFBC88E7BB8FE6B58EE7B3BBE58897E38081E5B7A5E7A88BE7B3BBE58897EFBC893C2F703E3C2F74643E3C2F74723E3C74723E3C746420636F6C7370616E3D2733273E3C703EE59CA8E7BC96E4BABAE591983C2F703E3C2F74643E3C746420636F6C7370616E3D2732273E3C703EE88198E794A8E4BABAE591983C2F703E3C2F74643E3C746420726F777370616E3D2732273E3C703EE4B8B4E697B628E5809FE794A829E4BABAE591983C2F703E3C2F74643E3C746420726F777370616E3D2732273E3C703EE9AB98E4B8AD3C2F703E3C2F74643E3C746420726F777370616E3D2732273E3C703EE5A4A7E4B8933C2F703E3C2F74643E3C746420726F777370616E3D2732273E3C703EE69CACE7A7913C2F703E3C2F74643E3C746420726F777370616E3D2732273E3C703EE7A094E7A9B6E7949F3C2F703E3C2F74643E3C746420726F777370616E3D2732273E3C703EE585B6E5AE833C2F703E3C2F74643E3C746420726F777370616E3D2732273E3C703EE4BBB7E6A0BC3C2F703E3C703EE989B4E8AF81E591983C2F703E3C2F74643E3C746420726F777370616E3D2732273E3C703EE4BBB7E6A0BC3C2F703E3C703EE989B4E8AF81E5B8883C2F703E3C2F74643E3C746420726F777370616E3D2732273E3C703EE5A48DE6A0B83C2F703E3C703EE8A381E5AE9AE591983C2F703E3C2F74643E3C746420726F777370616E3D2732273E3C703EE585B6E5AE833C2F703E3C2F74643E3C746420726F777370616E3D2732273E3C703EE5889DE7BAA73C2F703E3C2F74643E3C746420726F777370616E3D2732273E3C703EE4B8ADE7BAA73C2F703E3C2F74643E3C746420726F777370616E3D2732273E3C703EE9AB98E7BAA73C2F703E3C2F74643E3C746420726F777370616E3D2732273E3C703EE585B6E5AE833C2F703E3C2F74643E3C2F74723E3C74723E3C74643E3C703EE69CACE58D95E4BD8D3C2F703E3C2F74643E3C746420636F6C7370616E3D2732273E3C703EE585B6E5AE833C2F703E3C2F74643E3C74643E3C703EE995BFE69C9F3C2F703E3C2F74643E3C74643E3C703EE79FADE69C9F3C2F703E3C2F74643E3C2F74723E3C74723E3C74643E3C703E41313C2F703E3C2F74643E3C74643E3C703E42313C2F703E3C2F74643E3C74643E3C703E42323C2F703E3C2F74643E3C746420636F6C7370616E3D2732273E3C703E42333C2F703E3C2F74643E3C74643E3C703E42343C2F703E3C2F74643E3C74643E3C703E42353C2F703E3C2F74643E3C74643E3C703E43313C2F703E3C2F74643E3C74643E3C703E43323C2F703E3C2F74643E3C74643E3C703E43333C2F703E3C2F74643E3C74643E3C703E43343C2F703E3C2F74643E3C74643E3C703E43353C2F703E3C2F74643E3C74643E3C703E44313C2F703E3C2F74643E3C74643E3C703E44323C2F703E3C2F74643E3C74643E3C703E44333C2F703E3C2F74643E3C74643E3C703E44343C2F703E3C2F74643E3C74643E3C703E45313C2F703E3C2F74643E3C74643E3C703E45323C2F703E3C2F74643E3C74643E3C703E45333C2F703E3C2F74643E3C74643E3C703E45343C2F703E3C2F74643E3C2F74723E3C74723E3C74643E3C703E3C696E707574206E616D653D276131272073697A653D27342720747970653D2774657874272076616C75653D27247B61313F69665F6578697374733F68746D6C7D27202F3E3C2F703E3C2F74643E3C74643E3C703E3C696E707574206E616D653D276231272073697A653D27342720747970653D2774657874272076616C75653D27247B62313F69665F6578697374733F68746D6C7D27202F3E3C2F703E3C2F74643E3C74643E3C703E3C696E707574206E616D653D276232272073697A653D27342720747970653D2774657874272076616C75653D27247B62323F69665F6578697374733F68746D6C7D27202F3E3C2F703E3C2F74643E3C746420636F6C7370616E3D2732273E3C703E3C696E707574206E616D653D276233272073697A653D27342720747970653D2774657874272076616C75653D27247B62333F69665F6578697374733F68746D6C7D27202F3E3C2F703E3C2F74643E3C74643E3C703E3C696E707574206E616D653D276234272073697A653D27342720747970653D2774657874272076616C75653D27247B62343F69665F6578697374733F68746D6C7D27202F3E3C2F703E3C2F74643E3C74643E3C703E3C696E707574206E616D653D276235272073697A653D27342720747970653D2774657874272076616C75653D27247B62353F69665F6578697374733F68746D6C7D27202F3E3C2F703E3C2F74643E3C74643E3C703E3C696E707574206E616D653D276331272073697A653D27342720747970653D2774657874272076616C75653D27247B63313F69665F6578697374733F68746D6C7D27202F3E3C2F703E3C2F74643E3C74643E3C703E3C696E707574206E616D653D276332272073697A653D27342720747970653D2774657874272076616C75653D27247B63323F69665F6578697374733F68746D6C7D27202F3E3C2F703E3C2F74643E3C74643E3C703E3C696E707574206E616D653D276333272073697A653D27342720747970653D2774657874272076616C75653D27247B63333F69665F6578697374733F68746D6C7D27202F3E3C2F703E3C2F74643E3C74643E3C703E3C696E707574206E616D653D276334272073697A653D27342720747970653D2774657874272076616C75653D27247B63343F69665F6578697374733F68746D6C7D27202F3E3C2F703E3C2F74643E3C74643E3C703E3C696E707574206E616D653D276335272073697A653D27342720747970653D2774657874272076616C75653D27247B63353F69665F6578697374733F68746D6C7D27202F3E3C2F703E3C2F74643E3C74643E3C703E3C696E707574206E616D653D276431272073697A653D27342720747970653D2774657874272076616C75653D27247B64313F69665F6578697374733F68746D6C7D27202F3E3C2F703E3C2F74643E3C74643E3C703E3C696E707574206E616D653D276432272073697A653D27342720747970653D2774657874272076616C75653D27247B64323F69665F6578697374733F68746D6C7D27202F3E3C2F703E3C2F74643E3C74643E3C703E3C696E707574206E616D653D276433272073697A653D27342720747970653D2774657874272076616C75653D27247B64333F69665F6578697374733F68746D6C7D27202F3E3C2F703E3C2F74643E3C74643E3C703E3C696E707574206E616D653D276434272073697A653D27342720747970653D2774657874272076616C75653D27247B64343F69665F6578697374733F68746D6C7D27202F3E3C2F703E3C2F74643E3C74643E3C703E3C696E707574206E616D653D276531272073697A653D27342720747970653D2774657874272076616C75653D27247B65313F69665F6578697374733F68746D6C7D27202F3E3C2F703E3C2F74643E3C74643E3C703E3C696E707574206E616D653D276532272073697A653D27342720747970653D2774657874272076616C75653D27247B65323F69665F6578697374733F68746D6C7D27202F3E3C2F703E3C2F74643E3C74643E3C703E3C696E707574206E616D653D276533272073697A653D27342720747970653D2774657874272076616C75653D27247B65333F69665F6578697374733F68746D6C7D27202F3E3C2F703E3C2F74643E3C74643E3C703E3C696E707574206E616D653D276534272073697A653D27342720747970653D2774657874272076616C75653D27247B65343F69665F6578697374733F68746D6C7D27202F3E3C2F703E3C2F74643E3C2F74723E3C74723E3C746420636F6C7370616E3D273230273E3C703E266E6273703B3C2F703E3C703EE5A1ABE68AA5E8AFB4E6988EEFBC9A3C2F703E3C703EE4B880E38081E59088E8AEA1EFBC8841EFBC89EFBC9AE5A1ABE68AA5E887B3E7BB9FE8AEA1E688AAE6ADA2E69C9FE79A84E69CACE69CBAE69E84E79A84E4BABAE59198E680BBE695B0E380823C2F703E3C703EE4BA8CE38081E4BABAE695B0EFBC9A3C2F703E3C703EE59CA8E7BC96E4BABAE59198EFBC9AE58886E588ABE68C89E785A7E4BBB7E6A0BCE8AEA4E8AF81E69CBAE69E84E7BC96E588B6E58685E58F8AE585B6E5AE83E585B7E69C89E4BBB7E6A0BCE4B8BBE7AEA1E983A8E997A8E7BC96E588B6E79A84E5AE9EE69C89E4BABAE695B0E5A1ABE68AA5E59CA84231E380814232E6A08FE58685E380823C2F703E3C703EE88198E794A8E4BABAE59198EFBC9AE68C89E785A7E7BB8FE4BBB7E6A0BCE4B8BBE7AEA1E983A8E997A8E68896E4BBB7E6A0BCE8AEA4E8AF81E69CBAE69E84E4BABAE4BA8BE983A8E997A8E8AEA4E58FAFE79A84E5B9B6E7ADBEE8AEA2E4B889E5B9B4E4BBA5E4B88AE79A84E5B7A5E4BD9CE59088E5908CE79A84E4BABAE59198EFBC884233EFBC89EFBC9BE4BBA5E58F8AE6B2A1E69C89E7BB8FE8BF87E4BBB7E6A0BCE4B8BBE7AEA1E983A8E997A8E68896E4BBB7E6A0BCE8AEA4E8AF81E69CBAE69E84E4BABAE4BA8BE983A8E997A8E8AEA4E58FAFE79A84E7ADBEE8AEA2E59088E5908CE5B091E4BA8EE4B889E5B9B4E79A84E4BABAE59198EFBC884234EFBC89E58886E588ABE69DA5E8BF9BE8A18CE7BB9FE8AEA1E380823C2F703E3C703EE4B8B4E697B6EFBC88E5809FE794A8EFBC89E4BABAE59198EFBC884235EFBC89EFBC9AE789B9E68C87E5A496E88198E79A84E4B8B4E697B6E5B7A5EFBC8CE68896E88085E5B7A5E4BD9CE585B3E7B3BBE4B88DE59CA8E69CACE58D95E4BD8DE4B894E697A0E995BFE69C9FE88198E794A8E59088E5908CE79A84E5809FE8B083E4BABAE59198E7AD89E380823C2F703E3C703EE4B889E38081E8A1A8E58685E59084E6A08FE79BAEE585B3E7B3BB3C2F703E3C703E413D42312B42322B42332B42342B42353D43312B43322B43332B43342B43353D44312B44322B44332B44343D45312B45322B45332B45343C2F703E3C2F74643E3C2F74723E3C2F74626F64793E3C2F7461626C653E3C2F666F726D3E3C2F6469763E3C2F626F64793E3C2F68746D6C3E);

-- ----------------------------
-- Table structure for doc
-- ----------------------------
DROP TABLE IF EXISTS `doc`;
CREATE TABLE `doc` (
  `ID` int(11) NOT NULL AUTO_INCREMENT,
  `DOCCONTENT` longblob,
  `DOCDATE` datetime DEFAULT NULL,
  `DOCID` varchar(255) DEFAULT NULL,
  `DOCTITLE` varchar(255) DEFAULT NULL,
  `DOCTYPE` varchar(255) DEFAULT NULL,
  PRIMARY KEY (`ID`)
) ENGINE=InnoDB DEFAULT CHARSET=utf8;

-- ----------------------------
-- Records of doc
-- ----------------------------

-- ----------------------------
-- Table structure for jeecg_demo
-- ----------------------------
DROP TABLE IF EXISTS `jeecg_demo`;
CREATE TABLE `jeecg_demo` (
  `id` varchar(255) NOT NULL,
  `AGE` int(11) DEFAULT NULL,
  `BIRTHDAY` datetime DEFAULT NULL,
  `content` varchar(255) DEFAULT NULL,
  `CREATE_TIME` datetime DEFAULT NULL,
  `DEP_ID` varchar(255) DEFAULT NULL,
  `EMAIL` varchar(255) DEFAULT NULL,
  `MOBILE_PHONE` varchar(255) DEFAULT NULL,
  `OFFICE_PHONE` varchar(255) DEFAULT NULL,
  `SALARY` decimal(19,2) DEFAULT NULL,
  `SEX` int(11) DEFAULT NULL,
  `status` varchar(255) DEFAULT NULL,
  `USER_NAME` varchar(255) NOT NULL,
  PRIMARY KEY (`id`)
) ENGINE=InnoDB DEFAULT CHARSET=utf8;

-- ----------------------------
-- Records of jeecg_demo
-- ----------------------------

-- ----------------------------
-- Table structure for jeecg_demo_course
-- ----------------------------
DROP TABLE IF EXISTS `jeecg_demo_course`;
CREATE TABLE `jeecg_demo_course` (
  `ID` varchar(32) NOT NULL,
  `NAME` varchar(25) DEFAULT NULL,
  `teacher_ID` varchar(32) DEFAULT NULL,
  PRIMARY KEY (`ID`),
  KEY `FK9A45FA664A2A1A1` (`teacher_ID`),
  CONSTRAINT `FK9A45FA664A2A1A1` FOREIGN KEY (`teacher_ID`) REFERENCES `jeecg_demo_teacher` (`ID`)
) ENGINE=InnoDB DEFAULT CHARSET=utf8;

-- ----------------------------
-- Records of jeecg_demo_course
-- ----------------------------

-- ----------------------------
-- Table structure for jeecg_demo_student
-- ----------------------------
DROP TABLE IF EXISTS `jeecg_demo_student`;
CREATE TABLE `jeecg_demo_student` (
  `ID` varchar(32) NOT NULL,
  `NAME` varchar(32) DEFAULT NULL,
  `SEX` varchar(1) DEFAULT NULL,
  `COURSE_ID` varchar(32) DEFAULT NULL,
  PRIMARY KEY (`ID`),
  KEY `FK81CCF4104A5E2E79` (`COURSE_ID`),
  CONSTRAINT `FK81CCF4104A5E2E79` FOREIGN KEY (`COURSE_ID`) REFERENCES `jeecg_demo_course` (`ID`)
) ENGINE=InnoDB DEFAULT CHARSET=utf8;

-- ----------------------------
-- Records of jeecg_demo_student
-- ----------------------------

-- ----------------------------
-- Table structure for jeecg_demo_teacher
-- ----------------------------
DROP TABLE IF EXISTS `jeecg_demo_teacher`;
CREATE TABLE `jeecg_demo_teacher` (
  `ID` varchar(32) NOT NULL,
  `NAME` varchar(12) DEFAULT NULL,
  `pic` varchar(255) DEFAULT NULL,
  PRIMARY KEY (`ID`)
) ENGINE=InnoDB DEFAULT CHARSET=utf8;

-- ----------------------------
-- Records of jeecg_demo_teacher
-- ----------------------------

-- ----------------------------
-- Table structure for jeecg_matter_bom
-- ----------------------------
DROP TABLE IF EXISTS `jeecg_matter_bom`;
CREATE TABLE `jeecg_matter_bom` (
  `id` varchar(255) NOT NULL,
  `address` varchar(255) DEFAULT NULL,
  `code` varchar(50) NOT NULL,
  `name` varchar(50) NOT NULL,
  `price` decimal(21,6) NOT NULL,
  `productionDate` datetime DEFAULT NULL,
  `quantity` int(11) NOT NULL,
  `stock` int(11) NOT NULL,
  `unit` varchar(50) DEFAULT NULL,
  `weight` varchar(50) DEFAULT NULL,
  `parent_id` varchar(255) DEFAULT NULL,
  PRIMARY KEY (`id`),
  KEY `FK7AD5BBB3934D431D` (`parent_id`),
  CONSTRAINT `FK7AD5BBB3934D431D` FOREIGN KEY (`parent_id`) REFERENCES `jeecg_matter_bom` (`id`)
) ENGINE=InnoDB DEFAULT CHARSET=utf8;

-- ----------------------------
-- Records of jeecg_matter_bom
-- ----------------------------

-- ----------------------------
-- Table structure for jeecg_order_custom
-- ----------------------------
DROP TABLE IF EXISTS `jeecg_order_custom`;
CREATE TABLE `jeecg_order_custom` (
  `ID` varchar(32) NOT NULL,
  `CREATE_DT` datetime DEFAULT NULL,
  `CRTUSER` varchar(12) DEFAULT NULL,
  `CRTUSER_NAME` varchar(10) DEFAULT NULL,
  `DEL_DT` datetime DEFAULT NULL,
  `DELFLAG` int(11) DEFAULT NULL,
  `GO_ORDER_CODE` varchar(12) NOT NULL,
  `GOC_BUSS_CONTENT` varchar(33) DEFAULT NULL,
  `GOC_CONTENT` varchar(66) DEFAULT NULL,
  `GOC_CUS_NAME` varchar(16) DEFAULT NULL,
  `GOC_IDCARD` varchar(18) DEFAULT NULL,
  `GOC_PASSPORT_CODE` varchar(10) DEFAULT NULL,
  `GOC_SEX` varchar(255) DEFAULT NULL,
  `MODIFIER` varchar(12) DEFAULT NULL,
  `MODIFIER_NAME` varchar(10) DEFAULT NULL,
  `MODIFY_DT` datetime DEFAULT NULL,
  PRIMARY KEY (`ID`)
) ENGINE=InnoDB DEFAULT CHARSET=utf8;

-- ----------------------------
-- Records of jeecg_order_custom
-- ----------------------------

-- ----------------------------
-- Table structure for jeecg_order_main
-- ----------------------------
DROP TABLE IF EXISTS `jeecg_order_main`;
CREATE TABLE `jeecg_order_main` (
  `ID` varchar(32) NOT NULL,
  `CREATE_DT` datetime DEFAULT NULL,
  `CRTUSER` varchar(12) DEFAULT NULL,
  `CRTUSER_NAME` varchar(10) DEFAULT NULL,
  `DEL_DT` datetime DEFAULT NULL,
  `DELFLAG` int(11) DEFAULT NULL,
  `GO_ALL_PRICE` decimal(10,2) DEFAULT NULL,
  `GO_CONTACT_NAME` varchar(16) DEFAULT NULL,
  `GO_CONTENT` varchar(66) DEFAULT NULL,
  `GO_ORDER_CODE` varchar(12) NOT NULL,
  `GO_ORDER_COUNT` int(11) DEFAULT NULL,
  `GO_RETURN_PRICE` decimal(10,2) DEFAULT NULL,
  `GO_TELPHONE` varchar(11) DEFAULT NULL,
  `GODER_TYPE` varchar(255) DEFAULT NULL,
  `MODIFIER` varchar(12) DEFAULT NULL,
  `MODIFIER_NAME` varchar(10) DEFAULT NULL,
  `MODIFY_DT` datetime DEFAULT NULL,
  `USERTYPE` varchar(255) DEFAULT NULL,
  PRIMARY KEY (`ID`)
) ENGINE=InnoDB DEFAULT CHARSET=utf8;

-- ----------------------------
-- Records of jeecg_order_main
-- ----------------------------

-- ----------------------------
-- Table structure for jeecg_order_product
-- ----------------------------
DROP TABLE IF EXISTS `jeecg_order_product`;
CREATE TABLE `jeecg_order_product` (
  `ID` varchar(32) NOT NULL,
  `CREATE_DT` datetime DEFAULT NULL,
  `CRTUSER` varchar(12) DEFAULT NULL,
  `CRTUSER_NAME` varchar(10) DEFAULT NULL,
  `DEL_DT` datetime DEFAULT NULL,
  `DELFLAG` int(11) DEFAULT NULL,
  `GO_ORDER_CODE` varchar(12) NOT NULL,
  `GOP_CONTENT` varchar(66) DEFAULT NULL,
  `GOP_COUNT` int(11) DEFAULT NULL,
  `GOP_ONE_PRICE` decimal(10,2) DEFAULT NULL,
  `GOP_PRODUCT_NAME` varchar(33) DEFAULT NULL,
  `GOP_PRODUCT_TYPE` varchar(1) NOT NULL,
  `GOP_SUM_PRICE` decimal(10,2) DEFAULT NULL,
  `MODIFIER` varchar(12) DEFAULT NULL,
  `MODIFIER_NAME` varchar(10) DEFAULT NULL,
  `MODIFY_DT` datetime DEFAULT NULL,
  PRIMARY KEY (`ID`)
) ENGINE=InnoDB DEFAULT CHARSET=utf8;

-- ----------------------------
-- Records of jeecg_order_product
-- ----------------------------

-- ----------------------------
-- Table structure for jg_person
-- ----------------------------
DROP TABLE IF EXISTS `jg_person`;
CREATE TABLE `jg_person` (
  `ID` varchar(32) NOT NULL,
  `AGE` int(11) DEFAULT NULL,
  `BIRTHDAY` datetime DEFAULT NULL,
  `CREATEDT` datetime DEFAULT NULL,
  `NAME` varchar(255) NOT NULL,
  `SALARY` decimal(19,2) DEFAULT NULL,
  PRIMARY KEY (`ID`)
) ENGINE=InnoDB DEFAULT CHARSET=utf8;

-- ----------------------------
-- Records of jg_person
-- ----------------------------

-- ----------------------------
-- Table structure for oa_leave
-- ----------------------------
DROP TABLE IF EXISTS `oa_leave`;
CREATE TABLE `oa_leave` (
  `ID` bigint(20) NOT NULL AUTO_INCREMENT COMMENT 'ID',
  `PROCESS_INSTANCE_ID` varchar(64) DEFAULT NULL COMMENT 'ID',
  `USER_ID` varchar(20) NOT NULL COMMENT '',
  `START_TIME` timestamp NOT NULL DEFAULT CURRENT_TIMESTAMP ON UPDATE CURRENT_TIMESTAMP COMMENT '',
  `END_TIME` timestamp NOT NULL DEFAULT '0000-00-00 00:00:00' COMMENT '',
  `LEAVE_TYPE` varchar(20) DEFAULT NULL COMMENT '',
  `REASON` varchar(2000) DEFAULT NULL COMMENT '',
  `APPLY_TIME` timestamp NOT NULL DEFAULT '0000-00-00 00:00:00' COMMENT '',
  `REALITY_START_TIME` timestamp NOT NULL DEFAULT '0000-00-00 00:00:00' COMMENT '',
  `REALITY_END_TIME` timestamp NOT NULL DEFAULT '0000-00-00 00:00:00' COMMENT '',
  PRIMARY KEY (`ID`)
) ENGINE=InnoDB AUTO_INCREMENT=7 DEFAULT CHARSET=utf8 COMMENT='';

-- ----------------------------
-- Records of oa_leave
-- ----------------------------
INSERT INTO `oa_leave` VALUES ('1', '410', 'admin', '2013-09-09 00:00:00', '2013-09-12 00:00:00', '', '', '2013-09-09 10:05:51', '2013-09-09 00:00:00', '2013-09-12 00:00:00');
INSERT INTO `oa_leave` VALUES ('2', '437', 'admin', '2013-09-09 00:00:00', '2013-09-12 00:00:00', '', '1', '2013-09-09 15:00:08', '2013-09-09 15:00:08', '2013-09-09 15:00:08');
INSERT INTO `oa_leave` VALUES ('3', '445', 'admin', '2013-09-09 07:20:00', '2013-09-12 11:25:00', '', '2', '2013-09-09 15:00:33', '2013-09-09 15:00:33', '2013-09-09 15:00:33');
INSERT INTO `oa_leave` VALUES ('4', '610', 'admin', '2013-09-11 00:00:00', '2013-09-15 00:00:00', '', '', '2013-09-11 15:21:15', '2013-09-11 15:21:16', '2013-09-11 15:21:16');
INSERT INTO `oa_leave` VALUES ('5', '618', 'admin', '2013-09-12 00:00:00', '2013-09-21 00:00:00', '', '', '2013-09-11 15:21:28', '2013-09-11 15:21:28', '2013-09-11 15:21:28');
INSERT INTO `oa_leave` VALUES ('6', '626', 'admin', '2013-09-11 00:00:00', '2013-09-14 00:00:00', '', '', '2013-09-11 15:21:40', '2013-09-11 15:21:40', '2013-09-11 15:21:40');

-- ----------------------------
-- Table structure for optimistic_locking
-- ----------------------------
DROP TABLE IF EXISTS `optimistic_locking`;
CREATE TABLE `optimistic_locking` (
  `ID` varchar(32) NOT NULL,
  `ACCOUNT` int(11) DEFAULT NULL,
  `AGE` int(11) DEFAULT NULL,
  `NAME` varchar(85) DEFAULT NULL,
  `VER` int(11) DEFAULT NULL,
  PRIMARY KEY (`ID`)
) ENGINE=InnoDB DEFAULT CHARSET=utf8;

-- ----------------------------
-- Records of optimistic_locking
-- ----------------------------

-- ----------------------------
-- Table structure for t_finance
-- ----------------------------
DROP TABLE IF EXISTS `t_finance`;
CREATE TABLE `t_finance` (
  `ID` varchar(32) NOT NULL,
  `APPROFILETYPE` varchar(255) DEFAULT NULL,
  `BUYMONEY` float DEFAULT NULL,
  `BUYPROJECTNO` varchar(255) DEFAULT NULL,
  `BUYPROJECTORG` varchar(255) DEFAULT NULL,
  `BUYUSE` varchar(255) DEFAULT NULL,
  `BUYYEAR` varchar(255) DEFAULT NULL,
  `CATEGORY` varchar(255) DEFAULT NULL,
  `COLLECTORG` varchar(255) DEFAULT NULL,
  `EXPENSEACCOUNT` varchar(255) DEFAULT NULL,
  `HAPPENYEAR` int(11) DEFAULT NULL,
  `MONEYAREA` varchar(255) DEFAULT NULL,
  `MONEYSOURCE` varchar(255) DEFAULT NULL,
  `MONEYTOTAL` float DEFAULT NULL,
  `MONEYUSE` varchar(255) DEFAULT NULL,
  `PAYTIME` datetime DEFAULT NULL,
  `ZBWNO` varchar(255) DEFAULT NULL,
  PRIMARY KEY (`ID`)
) ENGINE=InnoDB DEFAULT CHARSET=utf8;

-- ----------------------------
-- Records of t_finance
-- ----------------------------
INSERT INTO `t_finance` VALUES ('8a8080ce4110ce85014110ebcd0d0001', '', null, null, null, null, null, '1', '', '10', '1', null, null, '10', null, '2013-09-13 00:00:00', '');

-- ----------------------------
-- Table structure for t_finance_files
-- ----------------------------
DROP TABLE IF EXISTS `t_finance_files`;
CREATE TABLE `t_finance_files` (
  `id` varchar(32) NOT NULL,
  `financeId` varchar(32) DEFAULT NULL,
  PRIMARY KEY (`id`),
  KEY `FKAB2099478302FB4F` (`id`),
  KEY `FKAB2099476C47CE9A` (`financeId`),
  CONSTRAINT `FKAB2099476C47CE9A` FOREIGN KEY (`financeId`) REFERENCES `t_finance` (`ID`),
  CONSTRAINT `FKAB2099478302FB4F` FOREIGN KEY (`id`) REFERENCES `t_s_attachment` (`id`)
) ENGINE=InnoDB DEFAULT CHARSET=utf8;

-- ----------------------------
-- Records of t_finance_files
-- ----------------------------
INSERT INTO `t_finance_files` VALUES ('8a8080ce4110ce85014110ebcdef0003', '8a8080ce4110ce85014110ebcd0d0001');

-- ----------------------------
-- Table structure for t_s_attachment
-- ----------------------------
DROP TABLE IF EXISTS `t_s_attachment`;
CREATE TABLE `t_s_attachment` (
  `id` varchar(255) NOT NULL,
  `attachmentcontent` longblob,
  `attachmenttitle` varchar(100) DEFAULT NULL,
  `businesskey` varchar(32) DEFAULT NULL,
  `createdate` datetime DEFAULT NULL,
  `extend` varchar(32) DEFAULT NULL,
  `note` longtext,
  `realpath` varchar(100) DEFAULT NULL,
  `subclassname` longtext,
  `swfpath` longtext,
  `BUSENTITYNAME` varchar(100) DEFAULT NULL,
  `INFOTYPEID` varchar(32) DEFAULT NULL,
  `USERID` varchar(32) DEFAULT NULL,
  PRIMARY KEY (`id`),
  KEY `FK1BC1BE5AC7C313C2` (`USERID`),
  CONSTRAINT `FK1BC1BE5AC7C313C2` FOREIGN KEY (`USERID`) REFERENCES `t_s_user` (`id`)
) ENGINE=InnoDB DEFAULT CHARSET=utf8;

-- ----------------------------
-- Records of t_s_attachment
-- ----------------------------
INSERT INTO `t_s_attachment` VALUES ('8a8080ce4110c410014110c4a5140008', null, 'JR079839867R90000001000', null, null, 'doc', null, 'JR079839867R90000001000', null, 'upload/files/20130719201109hDr31jP1.swf', null, null, null);
INSERT INTO `t_s_attachment` VALUES ('8a8080ce4110c410014110c4a5170009', null, 'JEECG', null, null, 'docx', null, 'JEECG', null, 'upload/files/20130719201156sYHjSFJj.swf', null, null, null);
INSERT INTO `t_s_attachment` VALUES ('8a8080ce4110c410014110c4a518000a', null, 'JEECG', null, null, 'docx', null, 'JEECG', null, 'upload/files/20130719201727ZLEX1OSf.swf', null, null, null);
INSERT INTO `t_s_attachment` VALUES ('8a8080ce4110c410014110c4a51a000b', null, 'DMS-T3', null, null, 'docx', null, 'DMS-T3', null, 'upload/files/20130719201841LzcgqUek.swf', null, null, null);
INSERT INTO `t_s_attachment` VALUES ('8a8080ce4110c410014110c4a51b000c', null, 'SAP---V1.7-', null, null, 'doc', null, 'SAP---V1.7-', null, 'upload/files/20130719201925mkCrU47P.swf', null, null, null);
INSERT INTO `t_s_attachment` VALUES ('8a8080ce4110c410014110c4a51e000d', null, 'JEECG', null, null, 'txt', null, 'JEECG', null, 'upload/files/20130724103633fvOTwNSV.swf', null, null, null);
INSERT INTO `t_s_attachment` VALUES ('8a8080ce4110c410014110c4a520000e', null, '', null, null, 'doc', null, '', null, 'upload/files/20130724104603pHDw4QUT.swf', null, null, null);
INSERT INTO `t_s_attachment` VALUES ('8a8080ce4110c410014110c4a521000f', null, 'github', null, null, 'doc', null, 'github', null, 'upload/files/20130704200345EakUH3WB.swf', null, null, null);
INSERT INTO `t_s_attachment` VALUES ('8a8080ce4110c410014110c4a5230010', null, 'github', null, null, 'doc', null, 'github', null, 'upload/files/20130704200651IE8wPdZ4.swf', null, null, null);
INSERT INTO `t_s_attachment` VALUES ('8a8080ce4110c410014110c4a5240011', null, '-(', null, null, 'xlsx', null, '-(', null, 'upload/files/20130704201022KhdRW1Gd.swf', null, null, null);
INSERT INTO `t_s_attachment` VALUES ('8a8080ce4110c410014110c4a5260012', null, 'EIM201_CN', null, null, 'pdf', null, 'EIM201_CN', null, 'upload/files/20130704201046JVAkvvOt.swf', null, null, null);
INSERT INTO `t_s_attachment` VALUES ('8a8080ce4110c410014110c4a5280013', null, 'github', null, null, 'doc', null, 'github', null, 'upload/files/20130704201116Z8NhEK57.swf', null, null, null);
INSERT INTO `t_s_attachment` VALUES ('8a8080ce4110c410014110c4a5290014', null, 'JEECGUIv3.2', null, null, 'pdf', null, 'JEECGUIv3.2', null, 'upload/files/20130704201125DQg8hi2x.swf', null, null, null);
INSERT INTO `t_s_attachment` VALUES ('8a8080ce4110ce85014110ebcdef0003', null, '', null, null, 'xlsx', null, 'upload/files/20130912144631t6hvN4pZ.xlsx', null, 'upload/files/20130912144631t6hvN4pZ.swf', null, null, null);

-- ----------------------------
-- Table structure for t_s_base_user
-- ----------------------------
DROP TABLE IF EXISTS `t_s_base_user`;
CREATE TABLE `t_s_base_user` (
  `id` varchar(255) NOT NULL,
  `activitiSync` smallint(6) DEFAULT NULL,
  `browser` varchar(20) DEFAULT NULL,
  `password` varchar(100) DEFAULT NULL,
  `realname` varchar(50) DEFAULT NULL,
  `signature` blob,
  `status` smallint(6) DEFAULT NULL,
  `userkey` varchar(200) DEFAULT NULL,
  `username` varchar(10) NOT NULL,
  `departid` varchar(255) DEFAULT NULL,
  PRIMARY KEY (`id`),
  KEY `FKC04D062CD93594` (`departid`),
  CONSTRAINT `FKC04D062CD93594` FOREIGN KEY (`departid`) REFERENCES `t_s_depart` (`id`)
) ENGINE=InnoDB DEFAULT CHARSET=utf8;

-- ----------------------------
-- Records of t_s_base_user
-- ----------------------------
INSERT INTO `t_s_base_user` VALUES ('8a8080ce4110c410014110c4a5bf003f', null, null, 'c44b01947c9e6e3f', '', null, '1', null, 'admin', '8a8080ce4110c410014110c4a52b0015');
INSERT INTO `t_s_base_user` VALUES ('8a8080ce4110c410014110c4a5c40040', '0', null, '97c07a884bf272b5', '', null, '1', null, 'scott', '8a8080ce4110c410014110c4a53a0017');
INSERT INTO `t_s_base_user` VALUES ('8a8080ce4110c410014110c4a5c80041', '0', null, 'f2322ec2fb9f40d1', '', null, '1', null, 'cgy', '8a8080ce4110c410014110c4a52b0015');
INSERT INTO `t_s_base_user` VALUES ('8a8080ce4110c410014110c4a5cb0042', '1', null, 'a324509dc1a3089a', '', null, '1', null, 'cgspy', '8a8080ce4110c410014110c4a52b0015');
INSERT INTO `t_s_base_user` VALUES ('8a8080ce41156e59014115726b790013', null, null, '037af17a4b25331af4b40d43c594afd8', '', null, '1', null, 'workflow', '8a8080ce4110c410014110c4a52b0015');

-- ----------------------------
-- Table structure for t_s_config
-- ----------------------------
DROP TABLE IF EXISTS `t_s_config`;
CREATE TABLE `t_s_config` (
  `id` varchar(255) NOT NULL,
  `code` varchar(100) DEFAULT NULL,
  `content` longtext,
  `name` varchar(100) NOT NULL,
  `note` longtext,
  `userid` varchar(255) DEFAULT NULL,
  PRIMARY KEY (`id`),
  KEY `FKB1831BF9C7C313C2` (`userid`),
  CONSTRAINT `FKB1831BF9C7C313C2` FOREIGN KEY (`userid`) REFERENCES `t_s_user` (`id`)
) ENGINE=InnoDB DEFAULT CHARSET=utf8;

-- ----------------------------
-- Records of t_s_config
-- ----------------------------

-- ----------------------------
-- Table structure for t_s_demo
-- ----------------------------
DROP TABLE IF EXISTS `t_s_demo`;
CREATE TABLE `t_s_demo` (
  `id` varchar(255) NOT NULL,
  `democode` longtext,
  `demoorder` smallint(6) DEFAULT NULL,
  `demotitle` varchar(200) DEFAULT NULL,
  `demourl` varchar(200) DEFAULT NULL,
  `demopid` varchar(255) DEFAULT NULL,
  PRIMARY KEY (`id`),
  KEY `FK7D1F585A560CB87C` (`demopid`),
  CONSTRAINT `FK7D1F585A560CB87C` FOREIGN KEY (`demopid`) REFERENCES `t_s_demo` (`id`)
) ENGINE=InnoDB DEFAULT CHARSET=utf8;

-- ----------------------------
-- Records of t_s_demo
-- ----------------------------
INSERT INTO `t_s_demo` VALUES ('8a8080ce4110c410014110c4a76000b8', '<div class=\"form\">\r\n   <label class=\"Validform_label\">\r\n     \r\n    </label>\r\n    <input name=\"demotitle\" id=\"demotitle\" datatype=\"*\" errormsg=\"\">\r\n    <span class=\"Validform_checktip\"></span>\r\n   </div>\r\n   <div class=\"form\">\r\n     <label class=\"Validform_label\">\r\n     URL\r\n    </label>\r\n    <input name=\"demourl\" id=\"demourl\" datatype=\"url\" errormsg=\"URL\">\r\n    <span class=\"Validform_checktip\"></span>\r\n   </div>\r\n   <div class=\"form\">\r\n     <label class=\"Validform_label\">\r\n     2\r\n    </label>\r\n    <input name=\"shoppingsite1\" class=\"rt2\" id=\"shoppingsite21\" type=\"checkbox\" value=\"1\" datatype=\"need2\" nullmsg=\"\" />\r\n  \r\n     \r\n  \r\n    <input name=\"shoppingsite1\" class=\"rt2\" id=\"shoppingsite22\" type=\"checkbox\" value=\"2\" />\r\n    \r\n     \r\n  \r\n    <input name=\"shoppingsite1\" class=\"rt2\" id=\"shoppingsite23\" type=\"checkbox\" value=\"3\" />\r\n  \r\n     \r\n   \r\n    <span class=\"Validform_checktip\"></span>\r\n   </div>\r\n   <div class=\"form\">\r\n     <label class=\"Validform_label\">\r\n     \r\n    </label>\r\n    <input name=\"demoorder\" id=\"demoorder\" datatype=\"e\" errormsg=\"\">\r\n    <span class=\"Validform_checktip\"></span>\r\n   </div>\r\n   <div class=\"form\">\r\n     <label class=\"Validform_label\">\r\n     \r\n    </label>\r\n    <input name=\"phone\" id=\"phone\" datatype=\"m\" errormsg=\"\">\r\n    <span class=\"Validform_checktip\"></span>\r\n   </div>\r\n   <div class=\"form\">\r\n     <label class=\"Validform_label\">\r\n     \r\n    </label>\r\n    <input name=\"money\" id=\"money\" datatype=\"d\" errormsg=\"\">\r\n    <span class=\"Validform_checktip\"></span>\r\n   </div>\r\n   <div class=\"form\">\r\n     <label class=\"Validform_label\">\r\n     \r\n    </label>\r\n    <input name=\"date\" id=\"date\" class=\"easyui-datebox\">\r\n    <span class=\"Validform_checktip\"></span>\r\n   </div>\r\n   <div class=\"form\">\r\n     <label class=\"Validform_label\">\r\n     \r\n    </label>\r\n    <input name=\"time\" id=\"time\" class=\"easyui-datetimebox\">\r\n    <span class=\"Validform_checktip\"></span>\r\n   </div>', null, '', null, null);

-- ----------------------------
-- Table structure for t_s_depart
-- ----------------------------
DROP TABLE IF EXISTS `t_s_depart`;
CREATE TABLE `t_s_depart` (
  `id` varchar(255) NOT NULL,
  `departname` varchar(100) NOT NULL,
  `description` longtext,
  `parentdepartid` varchar(255) DEFAULT NULL,
  PRIMARY KEY (`id`),
  KEY `FKB2ABE0AB8F6DF43E` (`parentdepartid`),
  CONSTRAINT `FKB2ABE0AB8F6DF43E` FOREIGN KEY (`parentdepartid`) REFERENCES `t_s_depart` (`id`)
) ENGINE=InnoDB DEFAULT CHARSET=utf8;

-- ----------------------------
-- Records of t_s_depart
-- ----------------------------
INSERT INTO `t_s_depart` VALUES ('8a8080ce4110c410014110c4a52b0015', '', '12', null);
INSERT INTO `t_s_depart` VALUES ('8a8080ce4110c410014110c4a5370016', '', null, null);
INSERT INTO `t_s_depart` VALUES ('8a8080ce4110c410014110c4a53a0017', '', '', '8a8080ce4110c410014110c4a5370016');

-- ----------------------------
-- Table structure for t_s_document
-- ----------------------------
DROP TABLE IF EXISTS `t_s_document`;
CREATE TABLE `t_s_document` (
  `documentstate` smallint(6) DEFAULT NULL,
  `documenttitle` varchar(100) DEFAULT NULL,
  `pictureindex` blob,
  `showhome` smallint(6) DEFAULT NULL,
  `id` varchar(32) NOT NULL,
  `typeid` varchar(255) DEFAULT NULL,
  PRIMARY KEY (`id`),
  KEY `FKB31D18128302FB4F` (`id`),
  KEY `FKB31D1812C6673AE0` (`typeid`),
  CONSTRAINT `FKB31D18128302FB4F` FOREIGN KEY (`id`) REFERENCES `t_s_attachment` (`id`),
  CONSTRAINT `FKB31D1812C6673AE0` FOREIGN KEY (`typeid`) REFERENCES `t_s_type` (`id`)
) ENGINE=InnoDB DEFAULT CHARSET=utf8;

-- ----------------------------
-- Records of t_s_document
-- ----------------------------

-- ----------------------------
-- Table structure for t_s_fileno
-- ----------------------------
DROP TABLE IF EXISTS `t_s_fileno`;
CREATE TABLE `t_s_fileno` (
  `id` varchar(255) NOT NULL,
  `filenobefore` varchar(32) DEFAULT NULL,
  `filenonum` int(11) DEFAULT NULL,
  `filenotype` varchar(32) DEFAULT NULL,
  `filenoYear` date DEFAULT NULL,
  PRIMARY KEY (`id`)
) ENGINE=InnoDB DEFAULT CHARSET=utf8;

-- ----------------------------
-- Records of t_s_fileno
-- ----------------------------

-- ----------------------------
-- Table structure for t_s_function
-- ----------------------------
DROP TABLE IF EXISTS `t_s_function`;
CREATE TABLE `t_s_function` (
  `id` varchar(255) NOT NULL,
  `functioniframe` smallint(6) DEFAULT NULL,
  `functionlevel` smallint(6) DEFAULT NULL,
  `functionname` varchar(50) NOT NULL,
  `functionorder` varchar(255) DEFAULT NULL,
  `functionurl` varchar(100) DEFAULT NULL,
  `parentfunctionid` varchar(255) DEFAULT NULL,
  `iconid` varchar(255) DEFAULT NULL,
  PRIMARY KEY (`id`),
  KEY `FKD20FBACFB266419E` (`iconid`),
  KEY `FKD20FBACF5050C046` (`parentfunctionid`),
  CONSTRAINT `FKD20FBACF5050C046` FOREIGN KEY (`parentfunctionid`) REFERENCES `t_s_function` (`id`),
  CONSTRAINT `FKD20FBACFB266419E` FOREIGN KEY (`iconid`) REFERENCES `t_s_icon` (`id`)
) ENGINE=InnoDB DEFAULT CHARSET=utf8;

-- ----------------------------
-- Records of t_s_function
-- ----------------------------
INSERT INTO `t_s_function` VALUES ('8a8080ce4110c410014110c4a54a0018', null, '0', 'Online ', '10', '', null, '8a8080ce4110c410014110c4a5120007');
INSERT INTO `t_s_function` VALUES ('8a8080ce4110c410014110c4a54d0019', null, '0', '', '5', '', null, '8a8080ce4110c410014110c4a5100005');
INSERT INTO `t_s_function` VALUES ('8a8080ce4110c410014110c4a54f001a', null, '0', '', '3', '', null, '8a8080ce4110c410014110c4a5120007');
INSERT INTO `t_s_function` VALUES ('8a8080ce4110c410014110c4a552001b', null, '0', '', '8', '', null, '8a8080ce4110c410014110c4a50b0002');
INSERT INTO `t_s_function` VALUES ('8a8080ce4110c410014110c4a555001c', null, '0', '', '11', '', null, '8a8080ce4110c410014110c4a50b0002');
INSERT INTO `t_s_function` VALUES ('8a8080ce4110c410014110c4a558001d', null, '1', '', '5', 'userController.do?user', '8a8080ce4110c410014110c4a54d0019', '8a8080ce4110c410014110c4a50b0002');
INSERT INTO `t_s_function` VALUES ('8a8080ce4110c410014110c4a55a001e', null, '1', '', '6', 'roleController.do?role', '8a8080ce4110c410014110c4a54d0019', '8a8080ce4110c410014110c4a50b0002');
INSERT INTO `t_s_function` VALUES ('8a8080ce4110c410014110c4a55d001f', null, '1', '', '7', 'functionController.do?function', '8a8080ce4110c410014110c4a54d0019', '8a8080ce4110c410014110c4a50b0002');
INSERT INTO `t_s_function` VALUES ('8a8080ce4110c410014110c4a5610020', null, '1', '', '6', 'systemController.do?typeGroupList', '8a8080ce4110c410014110c4a54d0019', '8a8080ce4110c410014110c4a50b0002');
INSERT INTO `t_s_function` VALUES ('8a8080ce4110c410014110c4a5640021', null, '1', '', '18', 'iconController.do?icon', '8a8080ce4110c410014110c4a54d0019', '8a8080ce4110c410014110c4a50b0002');
INSERT INTO `t_s_function` VALUES ('8a8080ce4110c410014110c4a5660022', null, '1', '', '22', 'departController.do?depart', '8a8080ce4110c410014110c4a54d0019', '8a8080ce4110c410014110c4a50b0002');
INSERT INTO `t_s_function` VALUES ('8a8080ce4110c410014110c4a5680023', null, '1', '', '17', 'logController.do?statisticTabs&isIframe', '8a8080ce4110c410014110c4a54f001a', '8a8080ce4110c410014110c4a50a0001');
INSERT INTO `t_s_function` VALUES ('8a8080ce4110c410014110c4a56b0024', null, '1', '', '1', 'cgFormHeadController.do?cgFormHeadList', '8a8080ce4110c410014110c4a54a0018', '8a8080ce4110c410014110c4a50b0002');
INSERT INTO `t_s_function` VALUES ('8a8080ce4110c410014110c4a56d0025', null, '1', '', '2', 'cgAutoListController.do?list&id=jform_cgreport_head', '8a8080ce4110c410014110c4a54a0018', '8a8080ce4110c410014110c4a50b0002');
INSERT INTO `t_s_function` VALUES ('8a8080ce4110c410014110c4a5700026', null, '1', '', '11', 'dataSourceController.do?goDruid&isIframe', '8a8080ce4110c410014110c4a555001c', '8a8080ce4110c410014110c4a50b0002');
INSERT INTO `t_s_function` VALUES ('8a8080ce4110c410014110c4a5720027', null, '1', '', '21', 'logController.do?log', '8a8080ce4110c410014110c4a555001c', '8a8080ce4110c410014110c4a50b0002');
INSERT INTO `t_s_function` VALUES ('8a8080ce4110c410014110c4a5760028', null, '1', '', '1', 'demoController.do?formTabs', '8a8080ce4110c410014110c4a552001b', '8a8080ce4110c410014110c4a50b0002');
INSERT INTO `t_s_function` VALUES ('8a8080ce4110c410014110c4a5780029', null, '1', 'Demo', '2', 'jeecgDemoController.do?jeecgDemo', '8a8080ce4110c410014110c4a552001b', '8a8080ce4110c410014110c4a50b0002');
INSERT INTO `t_s_function` VALUES ('8a8080ce4110c410014110c4a57b002a', null, '1', '', '3', 'jeecgNoteController.do?jeecgNote', '8a8080ce4110c410014110c4a552001b', '8a8080ce4110c410014110c4a50b0002');
INSERT INTO `t_s_function` VALUES ('8a8080ce4110c410014110c4a57e002b', null, '1', '', '4', 'jeecgOrderMainController.do?jeecgOrderMain', '8a8080ce4110c410014110c4a552001b', '8a8080ce4110c410014110c4a50b0002');
INSERT INTO `t_s_function` VALUES ('8a8080ce4110c410014110c4a582002c', null, '1', 'Excel', '5', 'jpPersonController.do?jpPerson', '8a8080ce4110c410014110c4a552001b', '8a8080ce4110c410014110c4a50b0002');
INSERT INTO `t_s_function` VALUES ('8a8080ce4110c410014110c4a586002d', null, '1', 'Excel', '5', 'courseController.do?course', '8a8080ce4110c410014110c4a552001b', '8a8080ce4110c410014110c4a50b0002');
INSERT INTO `t_s_function` VALUES ('8a8080ce4110c410014110c4a589002e', null, '1', '', '6', 'commonController.do?listTurn&turn=system/document/filesList', '8a8080ce4110c410014110c4a552001b', '8a8080ce4110c410014110c4a50b0002');
INSERT INTO `t_s_function` VALUES ('8a8080ce4110c410014110c4a58c002f', null, '1', '', '7', 'userNoPageController.do?user', '8a8080ce4110c410014110c4a552001b', '8a8080ce4110c410014110c4a50b0002');
INSERT INTO `t_s_function` VALUES ('8a8080ce4110c410014110c4a58e0030', null, '1', 'jdbc', '8', 'jeecgJdbcController.do?jeecgJdbc', '8a8080ce4110c410014110c4a552001b', '8a8080ce4110c410014110c4a50b0002');
INSERT INTO `t_s_function` VALUES ('8a8080ce4110c410014110c4a5920031', null, '1', 'SQL', '9', 'jeecgJdbcController.do?dictParameter', '8a8080ce4110c410014110c4a552001b', '8a8080ce4110c410014110c4a50b0002');
INSERT INTO `t_s_function` VALUES ('8a8080ce4110c410014110c4a5950032', null, '1', '', '10', 'demoController.do?dictSelect', '8a8080ce4110c410014110c4a552001b', '8a8080ce4110c410014110c4a50b0002');
INSERT INTO `t_s_function` VALUES ('8a8080ce4110c410014110c4a5970033', null, '1', '', '11', 'demoController.do?demoList', '8a8080ce4110c410014110c4a552001b', '8a8080ce4110c410014110c4a50b0002');
INSERT INTO `t_s_function` VALUES ('8a8080ce4110c410014110c4a59a0034', null, '1', '', '12', 'demoController.do?demoIframe', '8a8080ce4110c410014110c4a552001b', '8a8080ce4110c410014110c4a50b0002');
INSERT INTO `t_s_function` VALUES ('8a8080ce4110c410014110c4a59d0035', null, '1', '(Tag)', '13', 'jeecgEasyUIController.do?jeecgEasyUI', '8a8080ce4110c410014110c4a552001b', '8a8080ce4110c410014110c4a50b0002');
INSERT INTO `t_s_function` VALUES ('8a8080ce4110c410014110c4a5a10036', null, '1', '(Tag)', '14', 'jeecgOrderMainNoTagController.do?jeecgOrderMainNoTag', '8a8080ce4110c410014110c4a552001b', '8a8080ce4110c410014110c4a50b0002');
INSERT INTO `t_s_function` VALUES ('8a8080ce4110c410014110c4a5a40037', null, '1', 'HTML', '15', 'jeecgDemoController.do?ckeditor&isIframe', '8a8080ce4110c410014110c4a552001b', '8a8080ce4110c410014110c4a50b0002');
INSERT INTO `t_s_function` VALUES ('8a8080ce4110c410014110c4a5a70038', null, '1', 'word(IE)', '16', 'webOfficeController.do?webOffice', '8a8080ce4110c410014110c4a552001b', '8a8080ce4110c410014110c4a50b0002');
INSERT INTO `t_s_function` VALUES ('8a8080ce4110c410014110c4a5a90039', null, '1', 'WebOffice', '17', 'plug-in/webOffice/webOffice-sample.html?isIframe', '8a8080ce4110c410014110c4a552001b', '8a8080ce4110c410014110c4a50b0002');
INSERT INTO `t_s_function` VALUES ('8a8080ce4110c410014110c4a5ac003a', null, '1', '', '18', 'tFinanceController.do?tFinance', '8a8080ce4110c410014110c4a552001b', '8a8080ce4110c410014110c4a50b0002');
INSERT INTO `t_s_function` VALUES ('8a8080ce4110c410014110c4a5ae003b', null, '1', 'DatagridHtml', '19', 'userController.do?userDemo', '8a8080ce4110c410014110c4a552001b', '8a8080ce4110c410014110c4a50b0002');
INSERT INTO `t_s_function` VALUES ('8a8080ce4110c410014110c4a5b1003c', null, '1', 'Bom', '20', 'jeecgMatterBomController.do?goList', '8a8080ce4110c410014110c4a552001b', '8a8080ce4110c410014110c4a50b0002');
INSERT INTO `t_s_function` VALUES ('8a8080ce4110c842014110c93e320001', null, '0', '', '2', '', null, '8a8080ce4110c410014110c4a5120007');
INSERT INTO `t_s_function` VALUES ('8a8080ce4110c842014110c9ccbb0004', null, '1', '', '1', 'processDefController/toProcessDefList.do?', '8a8080ce4110c842014110c93e320001', '8a8080ce4110c410014110c4a50b0002');
INSERT INTO `t_s_function` VALUES ('8a8080ce4110c842014110ca09cd0006', null, '1', '', '2', '', '8a8080ce4110c842014110c93e320001', '8a8080ce4110c410014110c4a50b0002');
INSERT INTO `t_s_function` VALUES ('8a8080ce4110c842014110ca3cd40008', null, '1', '', '3', '', '8a8080ce4110c842014110c93e320001', '8a8080ce4110c410014110c4a50b0002');
INSERT INTO `t_s_function` VALUES ('8a8080ce4110c842014110ca65cd000a', null, '1', '', '4', '', '8a8080ce4110c842014110c93e320001', '8a8080ce4110c410014110c4a50b0002');
INSERT INTO `t_s_function` VALUES ('8a8080ce4110c842014110ca8a7a000c', null, '1', '', '5', '', '8a8080ce4110c842014110c93e320001', '8a8080ce4110c410014110c4a50b0002');

-- ----------------------------
-- Table structure for t_s_icon
-- ----------------------------
DROP TABLE IF EXISTS `t_s_icon`;
CREATE TABLE `t_s_icon` (
  `id` varchar(255) NOT NULL,
  `extend` varchar(255) DEFAULT NULL,
  `iconclas` varchar(200) DEFAULT NULL,
  `content` blob,
  `name` varchar(100) NOT NULL,
  `path` longtext,
  `type` smallint(6) DEFAULT NULL,
  PRIMARY KEY (`id`)
) ENGINE=InnoDB DEFAULT CHARSET=utf8;

-- ----------------------------
-- Records of t_s_icon
-- ----------------------------
INSERT INTO `t_s_icon` VALUES ('8a8080ce4110c410014110c4a4ea0000', 'png', 'back', null, '', 'plug-in/accordion/images/back.png', '1');
INSERT INTO `t_s_icon` VALUES ('8a8080ce4110c410014110c4a50a0001', 'png', 'pie', null, '', 'plug-in/accordion/images/pie.png', '1');
INSERT INTO `t_s_icon` VALUES ('8a8080ce4110c410014110c4a50b0002', 'png', 'pictures', null, '', 'plug-in/accordion/images/pictures.png', '1');
INSERT INTO `t_s_icon` VALUES ('8a8080ce4110c410014110c4a50d0003', 'png', 'pencil', null, '', 'plug-in/accordion/images/pencil.png', '1');
INSERT INTO `t_s_icon` VALUES ('8a8080ce4110c410014110c4a50e0004', 'png', 'map', null, '', 'plug-in/accordion/images/map.png', '1');
INSERT INTO `t_s_icon` VALUES ('8a8080ce4110c410014110c4a5100005', 'png', 'group_add', null, '', 'plug-in/accordion/images/group_add.png', '1');
INSERT INTO `t_s_icon` VALUES ('8a8080ce4110c410014110c4a5110006', 'png', 'calculator', null, '', 'plug-in/accordion/images/calculator.png', '1');
INSERT INTO `t_s_icon` VALUES ('8a8080ce4110c410014110c4a5120007', 'png', 'folder', null, '', 'plug-in/accordion/images/folder.png', '1');

-- ----------------------------
-- Table structure for t_s_log
-- ----------------------------
DROP TABLE IF EXISTS `t_s_log`;
CREATE TABLE `t_s_log` (
  `id` varchar(255) NOT NULL,
  `broswer` varchar(100) DEFAULT NULL,
  `logcontent` longtext NOT NULL,
  `loglevel` smallint(6) DEFAULT NULL,
  `note` longtext,
  `operatetime` datetime NOT NULL,
  `operatetype` smallint(6) DEFAULT NULL,
  `userid` varchar(255) DEFAULT NULL,
  PRIMARY KEY (`id`),
  KEY `FKA0F09DEDC7C313C2` (`userid`),
  CONSTRAINT `FKA0F09DEDC7C313C2` FOREIGN KEY (`userid`) REFERENCES `t_s_user` (`id`)
) ENGINE=InnoDB DEFAULT CHARSET=utf8;


-- ----------------------------
-- Table structure for t_s_online
-- ----------------------------
DROP TABLE IF EXISTS `t_s_online`;
CREATE TABLE `t_s_online` (
  `ID` varchar(32) NOT NULL,
  `IP` varchar(50) NOT NULL,
  `LOGINDATETIME` datetime NOT NULL,
  `LOGINNAME` varchar(100) NOT NULL,
  PRIMARY KEY (`ID`)
) ENGINE=InnoDB DEFAULT CHARSET=utf8;

-- ----------------------------
-- Records of t_s_online
-- ----------------------------
INSERT INTO `t_s_online` VALUES ('8a8080ce4110c842014110cd80360019', '', '2013-09-22 15:46:55', 'admin');

-- ----------------------------
-- Table structure for t_s_operation
-- ----------------------------
DROP TABLE IF EXISTS `t_s_operation`;
CREATE TABLE `t_s_operation` (
  `id` varchar(255) NOT NULL,
  `operationcode` varchar(50) DEFAULT NULL,
  `operationicon` varchar(100) DEFAULT NULL,
  `operationname` varchar(50) DEFAULT NULL,
  `status` smallint(6) DEFAULT NULL,
  `functionid` varchar(255) DEFAULT NULL,
  `iconid` varchar(255) DEFAULT NULL,
  PRIMARY KEY (`id`),
  KEY `FKDB636D50B266419E` (`iconid`),
  KEY `FKDB636D501FF1041C` (`functionid`),
  CONSTRAINT `FKDB636D501FF1041C` FOREIGN KEY (`functionid`) REFERENCES `t_s_function` (`id`),
  CONSTRAINT `FKDB636D50B266419E` FOREIGN KEY (`iconid`) REFERENCES `t_s_icon` (`id`)
) ENGINE=InnoDB DEFAULT CHARSET=utf8;

-- ----------------------------
-- Records of t_s_operation
-- ----------------------------
INSERT INTO `t_s_operation` VALUES ('8a8080ce4110c410014110c4a6590065', 'add', null, '', null, '8a8080ce4110c410014110c4a5780029', '8a8080ce4110c410014110c4a4ea0000');
INSERT INTO `t_s_operation` VALUES ('8a8080ce4110c410014110c4a65c0066', 'edit', null, '', null, '8a8080ce4110c410014110c4a5780029', '8a8080ce4110c410014110c4a4ea0000');
INSERT INTO `t_s_operation` VALUES ('8a8080ce4110c410014110c4a65f0067', 'del', null, '', null, '8a8080ce4110c410014110c4a5780029', '8a8080ce4110c410014110c4a4ea0000');
INSERT INTO `t_s_operation` VALUES ('8a8080ce4110c410014110c4a6610068', 'szqm', null, '', null, '8a8080ce4110c410014110c4a5780029', '8a8080ce4110c410014110c4a4ea0000');

-- ----------------------------
-- Table structure for t_s_opintemplate
-- ----------------------------
DROP TABLE IF EXISTS `t_s_opintemplate`;
CREATE TABLE `t_s_opintemplate` (
  `id` varchar(255) NOT NULL,
  `descript` varchar(100) DEFAULT NULL,
  PRIMARY KEY (`id`)
) ENGINE=InnoDB DEFAULT CHARSET=utf8;

-- ----------------------------
-- Records of t_s_opintemplate
-- ----------------------------

-- ----------------------------
-- Table structure for t_s_role
-- ----------------------------
DROP TABLE IF EXISTS `t_s_role`;
CREATE TABLE `t_s_role` (
  `id` varchar(255) NOT NULL,
  `rolecode` varchar(10) DEFAULT NULL,
  `rolename` varchar(100) NOT NULL,
  PRIMARY KEY (`id`)
) ENGINE=InnoDB DEFAULT CHARSET=utf8;

-- ----------------------------
-- Records of t_s_role
-- ----------------------------
INSERT INTO `t_s_role` VALUES ('8a8080ce4110c410014110c4a5b4003d', 'admin', '');
INSERT INTO `t_s_role` VALUES ('8a8080ce4110c410014110c4a5b7003e', 'manager', '');
INSERT INTO `t_s_role` VALUES ('8a8080ce41156e59014115717f950004', 'workflow', '');

-- ----------------------------
-- Table structure for t_s_role_function
-- ----------------------------
DROP TABLE IF EXISTS `t_s_role_function`;
CREATE TABLE `t_s_role_function` (
  `id` varchar(255) NOT NULL,
  `operation` varchar(100) DEFAULT NULL,
  `functionid` varchar(255) DEFAULT NULL,
  `roleid` varchar(255) DEFAULT NULL,
  PRIMARY KEY (`id`),
  KEY `FK8681C4EA1FF1041C` (`functionid`),
  KEY `FK8681C4EAC26DBE58` (`roleid`),
  CONSTRAINT `FK8681C4EA1FF1041C` FOREIGN KEY (`functionid`) REFERENCES `t_s_function` (`id`),
  CONSTRAINT `FK8681C4EAC26DBE58` FOREIGN KEY (`roleid`) REFERENCES `t_s_role` (`id`)
) ENGINE=InnoDB DEFAULT CHARSET=utf8;

-- ----------------------------
-- Records of t_s_role_function
-- ----------------------------
INSERT INTO `t_s_role_function` VALUES ('8a8080ce4110c410014110c4a66e0069', null, '8a8080ce4110c410014110c4a54a0018', '8a8080ce4110c410014110c4a5b4003d');
INSERT INTO `t_s_role_function` VALUES ('8a8080ce4110c410014110c4a671006a', null, '8a8080ce4110c410014110c4a54a0018', '8a8080ce4110c410014110c4a5b7003e');
INSERT INTO `t_s_role_function` VALUES ('8a8080ce4110c410014110c4a673006b', null, '8a8080ce4110c410014110c4a54d0019', '8a8080ce4110c410014110c4a5b4003d');
INSERT INTO `t_s_role_function` VALUES ('8a8080ce4110c410014110c4a676006c', null, '8a8080ce4110c410014110c4a54d0019', '8a8080ce4110c410014110c4a5b7003e');
INSERT INTO `t_s_role_function` VALUES ('8a8080ce4110c410014110c4a678006d', null, '8a8080ce4110c410014110c4a54f001a', '8a8080ce4110c410014110c4a5b4003d');
INSERT INTO `t_s_role_function` VALUES ('8a8080ce4110c410014110c4a67b006e', null, '8a8080ce4110c410014110c4a54f001a', '8a8080ce4110c410014110c4a5b7003e');
INSERT INTO `t_s_role_function` VALUES ('8a8080ce4110c410014110c4a67d006f', null, '8a8080ce4110c410014110c4a552001b', '8a8080ce4110c410014110c4a5b4003d');
INSERT INTO `t_s_role_function` VALUES ('8a8080ce4110c410014110c4a6800070', null, '8a8080ce4110c410014110c4a552001b', '8a8080ce4110c410014110c4a5b7003e');
INSERT INTO `t_s_role_function` VALUES ('8a8080ce4110c410014110c4a6820071', null, '8a8080ce4110c410014110c4a555001c', '8a8080ce4110c410014110c4a5b4003d');
INSERT INTO `t_s_role_function` VALUES ('8a8080ce4110c410014110c4a6850072', null, '8a8080ce4110c410014110c4a555001c', '8a8080ce4110c410014110c4a5b7003e');
INSERT INTO `t_s_role_function` VALUES ('8a8080ce4110c410014110c4a6870073', null, '8a8080ce4110c410014110c4a558001d', '8a8080ce4110c410014110c4a5b4003d');
INSERT INTO `t_s_role_function` VALUES ('8a8080ce4110c410014110c4a68a0074', null, '8a8080ce4110c410014110c4a558001d', '8a8080ce4110c410014110c4a5b7003e');
INSERT INTO `t_s_role_function` VALUES ('8a8080ce4110c410014110c4a68d0075', null, '8a8080ce4110c410014110c4a55a001e', '8a8080ce4110c410014110c4a5b4003d');
INSERT INTO `t_s_role_function` VALUES ('8a8080ce4110c410014110c4a68f0076', null, '8a8080ce4110c410014110c4a55a001e', '8a8080ce4110c410014110c4a5b7003e');
INSERT INTO `t_s_role_function` VALUES ('8a8080ce4110c410014110c4a6920077', null, '8a8080ce4110c410014110c4a55d001f', '8a8080ce4110c410014110c4a5b4003d');
INSERT INTO `t_s_role_function` VALUES ('8a8080ce4110c410014110c4a6940078', null, '8a8080ce4110c410014110c4a55d001f', '8a8080ce4110c410014110c4a5b7003e');
INSERT INTO `t_s_role_function` VALUES ('8a8080ce4110c410014110c4a6970079', null, '8a8080ce4110c410014110c4a5610020', '8a8080ce4110c410014110c4a5b4003d');
INSERT INTO `t_s_role_function` VALUES ('8a8080ce4110c410014110c4a699007a', null, '8a8080ce4110c410014110c4a5610020', '8a8080ce4110c410014110c4a5b7003e');
INSERT INTO `t_s_role_function` VALUES ('8a8080ce4110c410014110c4a69b007b', null, '8a8080ce4110c410014110c4a5640021', '8a8080ce4110c410014110c4a5b4003d');
INSERT INTO `t_s_role_function` VALUES ('8a8080ce4110c410014110c4a69e007c', null, '8a8080ce4110c410014110c4a5640021', '8a8080ce4110c410014110c4a5b7003e');
INSERT INTO `t_s_role_function` VALUES ('8a8080ce4110c410014110c4a6a0007d', null, '8a8080ce4110c410014110c4a5660022', '8a8080ce4110c410014110c4a5b4003d');
INSERT INTO `t_s_role_function` VALUES ('8a8080ce4110c410014110c4a6a3007e', null, '8a8080ce4110c410014110c4a5660022', '8a8080ce4110c410014110c4a5b7003e');
INSERT INTO `t_s_role_function` VALUES ('8a8080ce4110c410014110c4a6a5007f', null, '8a8080ce4110c410014110c4a5680023', '8a8080ce4110c410014110c4a5b4003d');
INSERT INTO `t_s_role_function` VALUES ('8a8080ce4110c410014110c4a6a80080', null, '8a8080ce4110c410014110c4a5680023', '8a8080ce4110c410014110c4a5b7003e');
INSERT INTO `t_s_role_function` VALUES ('8a8080ce4110c410014110c4a6aa0081', null, '8a8080ce4110c410014110c4a56b0024', '8a8080ce4110c410014110c4a5b4003d');
INSERT INTO `t_s_role_function` VALUES ('8a8080ce4110c410014110c4a6ac0082', null, '8a8080ce4110c410014110c4a56b0024', '8a8080ce4110c410014110c4a5b7003e');
INSERT INTO `t_s_role_function` VALUES ('8a8080ce4110c410014110c4a6af0083', null, '8a8080ce4110c410014110c4a56d0025', '8a8080ce4110c410014110c4a5b4003d');
INSERT INTO `t_s_role_function` VALUES ('8a8080ce4110c410014110c4a6b10084', null, '8a8080ce4110c410014110c4a56d0025', '8a8080ce4110c410014110c4a5b7003e');
INSERT INTO `t_s_role_function` VALUES ('8a8080ce4110c410014110c4a6b30085', null, '8a8080ce4110c410014110c4a5700026', '8a8080ce4110c410014110c4a5b4003d');
INSERT INTO `t_s_role_function` VALUES ('8a8080ce4110c410014110c4a6b50086', null, '8a8080ce4110c410014110c4a5700026', '8a8080ce4110c410014110c4a5b7003e');
INSERT INTO `t_s_role_function` VALUES ('8a8080ce4110c410014110c4a6b70087', null, '8a8080ce4110c410014110c4a5720027', '8a8080ce4110c410014110c4a5b4003d');
INSERT INTO `t_s_role_function` VALUES ('8a8080ce4110c410014110c4a6b90088', null, '8a8080ce4110c410014110c4a5720027', '8a8080ce4110c410014110c4a5b7003e');
INSERT INTO `t_s_role_function` VALUES ('8a8080ce4110c410014110c4a6bb0089', null, '8a8080ce4110c410014110c4a5760028', '8a8080ce4110c410014110c4a5b4003d');
INSERT INTO `t_s_role_function` VALUES ('8a8080ce4110c410014110c4a6bd008a', null, '8a8080ce4110c410014110c4a5760028', '8a8080ce4110c410014110c4a5b7003e');
INSERT INTO `t_s_role_function` VALUES ('8a8080ce4110c410014110c4a6bf008b', 'add,szqm,', '8a8080ce4110c410014110c4a5780029', '8a8080ce4110c410014110c4a5b4003d');
INSERT INTO `t_s_role_function` VALUES ('8a8080ce4110c410014110c4a6c1008c', null, '8a8080ce4110c410014110c4a5780029', '8a8080ce4110c410014110c4a5b7003e');
INSERT INTO `t_s_role_function` VALUES ('8a8080ce4110c410014110c4a6c3008d', null, '8a8080ce4110c410014110c4a57b002a', '8a8080ce4110c410014110c4a5b4003d');
INSERT INTO `t_s_role_function` VALUES ('8a8080ce4110c410014110c4a6c5008e', null, '8a8080ce4110c410014110c4a57b002a', '8a8080ce4110c410014110c4a5b7003e');
INSERT INTO `t_s_role_function` VALUES ('8a8080ce4110c410014110c4a6c6008f', null, '8a8080ce4110c410014110c4a57e002b', '8a8080ce4110c410014110c4a5b4003d');
INSERT INTO `t_s_role_function` VALUES ('8a8080ce4110c410014110c4a6c90090', null, '8a8080ce4110c410014110c4a57e002b', '8a8080ce4110c410014110c4a5b7003e');
INSERT INTO `t_s_role_function` VALUES ('8a8080ce4110c410014110c4a6ca0091', null, '8a8080ce4110c410014110c4a582002c', '8a8080ce4110c410014110c4a5b4003d');
INSERT INTO `t_s_role_function` VALUES ('8a8080ce4110c410014110c4a6cc0092', null, '8a8080ce4110c410014110c4a582002c', '8a8080ce4110c410014110c4a5b7003e');
INSERT INTO `t_s_role_function` VALUES ('8a8080ce4110c410014110c4a6ce0093', null, '8a8080ce4110c410014110c4a586002d', '8a8080ce4110c410014110c4a5b4003d');
INSERT INTO `t_s_role_function` VALUES ('8a8080ce4110c410014110c4a6d00094', null, '8a8080ce4110c410014110c4a586002d', '8a8080ce4110c410014110c4a5b7003e');
INSERT INTO `t_s_role_function` VALUES ('8a8080ce4110c410014110c4a6d10095', null, '8a8080ce4110c410014110c4a589002e', '8a8080ce4110c410014110c4a5b4003d');
INSERT INTO `t_s_role_function` VALUES ('8a8080ce4110c410014110c4a6d30096', null, '8a8080ce4110c410014110c4a589002e', '8a8080ce4110c410014110c4a5b7003e');
INSERT INTO `t_s_role_function` VALUES ('8a8080ce4110c410014110c4a6d40097', null, '8a8080ce4110c410014110c4a58c002f', '8a8080ce4110c410014110c4a5b4003d');
INSERT INTO `t_s_role_function` VALUES ('8a8080ce4110c410014110c4a6d60098', null, '8a8080ce4110c410014110c4a58c002f', '8a8080ce4110c410014110c4a5b7003e');
INSERT INTO `t_s_role_function` VALUES ('8a8080ce4110c410014110c4a6d80099', null, '8a8080ce4110c410014110c4a58e0030', '8a8080ce4110c410014110c4a5b4003d');
INSERT INTO `t_s_role_function` VALUES ('8a8080ce4110c410014110c4a6d9009a', null, '8a8080ce4110c410014110c4a58e0030', '8a8080ce4110c410014110c4a5b7003e');
INSERT INTO `t_s_role_function` VALUES ('8a8080ce4110c410014110c4a6db009b', null, '8a8080ce4110c410014110c4a5920031', '8a8080ce4110c410014110c4a5b4003d');
INSERT INTO `t_s_role_function` VALUES ('8a8080ce4110c410014110c4a6dd009c', null, '8a8080ce4110c410014110c4a5920031', '8a8080ce4110c410014110c4a5b7003e');
INSERT INTO `t_s_role_function` VALUES ('8a8080ce4110c410014110c4a6de009d', null, '8a8080ce4110c410014110c4a5950032', '8a8080ce4110c410014110c4a5b4003d');
INSERT INTO `t_s_role_function` VALUES ('8a8080ce4110c410014110c4a6e0009e', null, '8a8080ce4110c410014110c4a5950032', '8a8080ce4110c410014110c4a5b7003e');
INSERT INTO `t_s_role_function` VALUES ('8a8080ce4110c410014110c4a6e2009f', null, '8a8080ce4110c410014110c4a5970033', '8a8080ce4110c410014110c4a5b4003d');
INSERT INTO `t_s_role_function` VALUES ('8a8080ce4110c410014110c4a6e300a0', null, '8a8080ce4110c410014110c4a5970033', '8a8080ce4110c410014110c4a5b7003e');
INSERT INTO `t_s_role_function` VALUES ('8a8080ce4110c410014110c4a6e500a1', null, '8a8080ce4110c410014110c4a59a0034', '8a8080ce4110c410014110c4a5b4003d');
INSERT INTO `t_s_role_function` VALUES ('8a8080ce4110c410014110c4a6e600a2', null, '8a8080ce4110c410014110c4a59a0034', '8a8080ce4110c410014110c4a5b7003e');
INSERT INTO `t_s_role_function` VALUES ('8a8080ce4110c410014110c4a6e800a3', null, '8a8080ce4110c410014110c4a59d0035', '8a8080ce4110c410014110c4a5b4003d');
INSERT INTO `t_s_role_function` VALUES ('8a8080ce4110c410014110c4a6ea00a4', null, '8a8080ce4110c410014110c4a59d0035', '8a8080ce4110c410014110c4a5b7003e');
INSERT INTO `t_s_role_function` VALUES ('8a8080ce4110c410014110c4a6ec00a5', null, '8a8080ce4110c410014110c4a5a10036', '8a8080ce4110c410014110c4a5b4003d');
INSERT INTO `t_s_role_function` VALUES ('8a8080ce4110c410014110c4a6ed00a6', null, '8a8080ce4110c410014110c4a5a10036', '8a8080ce4110c410014110c4a5b7003e');
INSERT INTO `t_s_role_function` VALUES ('8a8080ce4110c410014110c4a6ef00a7', null, '8a8080ce4110c410014110c4a5a40037', '8a8080ce4110c410014110c4a5b4003d');
INSERT INTO `t_s_role_function` VALUES ('8a8080ce4110c410014110c4a6f100a8', null, '8a8080ce4110c410014110c4a5a40037', '8a8080ce4110c410014110c4a5b7003e');
INSERT INTO `t_s_role_function` VALUES ('8a8080ce4110c410014110c4a6f200a9', null, '8a8080ce4110c410014110c4a5a70038', '8a8080ce4110c410014110c4a5b4003d');
INSERT INTO `t_s_role_function` VALUES ('8a8080ce4110c410014110c4a6f400aa', null, '8a8080ce4110c410014110c4a5a70038', '8a8080ce4110c410014110c4a5b7003e');
INSERT INTO `t_s_role_function` VALUES ('8a8080ce4110c410014110c4a6f500ab', null, '8a8080ce4110c410014110c4a5a90039', '8a8080ce4110c410014110c4a5b4003d');
INSERT INTO `t_s_role_function` VALUES ('8a8080ce4110c410014110c4a6f700ac', null, '8a8080ce4110c410014110c4a5a90039', '8a8080ce4110c410014110c4a5b7003e');
INSERT INTO `t_s_role_function` VALUES ('8a8080ce4110c410014110c4a6f800ad', null, '8a8080ce4110c410014110c4a5ac003a', '8a8080ce4110c410014110c4a5b4003d');
INSERT INTO `t_s_role_function` VALUES ('8a8080ce4110c410014110c4a6fa00ae', null, '8a8080ce4110c410014110c4a5ac003a', '8a8080ce4110c410014110c4a5b7003e');
INSERT INTO `t_s_role_function` VALUES ('8a8080ce4110c410014110c4a6fc00af', null, '8a8080ce4110c410014110c4a5ae003b', '8a8080ce4110c410014110c4a5b4003d');
INSERT INTO `t_s_role_function` VALUES ('8a8080ce4110c410014110c4a6fd00b0', null, '8a8080ce4110c410014110c4a5ae003b', '8a8080ce4110c410014110c4a5b7003e');
INSERT INTO `t_s_role_function` VALUES ('8a8080ce4110c410014110c4a6ff00b1', null, '8a8080ce4110c410014110c4a5b1003c', '8a8080ce4110c410014110c4a5b4003d');
INSERT INTO `t_s_role_function` VALUES ('8a8080ce4110c410014110c4a70000b2', null, '8a8080ce4110c410014110c4a5b1003c', '8a8080ce4110c410014110c4a5b7003e');
INSERT INTO `t_s_role_function` VALUES ('8a8080ce4110c842014110cb17e2000f', null, '8a8080ce4110c842014110c93e320001', '8a8080ce4110c410014110c4a5b4003d');
INSERT INTO `t_s_role_function` VALUES ('8a8080ce4110c842014110cb17e40010', null, '8a8080ce4110c842014110ca8a7a000c', '8a8080ce4110c410014110c4a5b4003d');
INSERT INTO `t_s_role_function` VALUES ('8a8080ce4110c842014110cb17e40011', null, '8a8080ce4110c842014110ca65cd000a', '8a8080ce4110c410014110c4a5b4003d');
INSERT INTO `t_s_role_function` VALUES ('8a8080ce4110c842014110cb17e40012', null, '8a8080ce4110c842014110c9ccbb0004', '8a8080ce4110c410014110c4a5b4003d');
INSERT INTO `t_s_role_function` VALUES ('8a8080ce4110c842014110cb17e40013', null, '8a8080ce4110c842014110ca09cd0006', '8a8080ce4110c410014110c4a5b4003d');
INSERT INTO `t_s_role_function` VALUES ('8a8080ce4110c842014110cb17e40014', null, '8a8080ce4110c842014110ca3cd40008', '8a8080ce4110c410014110c4a5b4003d');
INSERT INTO `t_s_role_function` VALUES ('8a8080ce41156e59014115719d5f0006', null, '8a8080ce4110c842014110c93e320001', '8a8080ce41156e59014115717f950004');
INSERT INTO `t_s_role_function` VALUES ('8a8080ce41156e59014115719d620007', null, '8a8080ce4110c842014110ca09cd0006', '8a8080ce41156e59014115717f950004');
INSERT INTO `t_s_role_function` VALUES ('8a8080ce41156e59014115719d620008', null, '8a8080ce4110c410014110c4a558001d', '8a8080ce41156e59014115717f950004');
INSERT INTO `t_s_role_function` VALUES ('8a8080ce41156e59014115719d620009', null, '8a8080ce4110c410014110c4a55d001f', '8a8080ce41156e59014115717f950004');
INSERT INTO `t_s_role_function` VALUES ('8a8080ce41156e59014115719d62000a', null, '8a8080ce4110c410014110c4a5660022', '8a8080ce41156e59014115717f950004');
INSERT INTO `t_s_role_function` VALUES ('8a8080ce41156e59014115719d62000b', null, '8a8080ce4110c410014110c4a55a001e', '8a8080ce41156e59014115717f950004');
INSERT INTO `t_s_role_function` VALUES ('8a8080ce41156e59014115719d62000c', null, '8a8080ce4110c410014110c4a5610020', '8a8080ce41156e59014115717f950004');
INSERT INTO `t_s_role_function` VALUES ('8a8080ce41156e59014115719d62000d', null, '8a8080ce4110c410014110c4a5640021', '8a8080ce41156e59014115717f950004');
INSERT INTO `t_s_role_function` VALUES ('8a8080ce41156e59014115719d62000e', null, '8a8080ce4110c842014110ca8a7a000c', '8a8080ce41156e59014115717f950004');
INSERT INTO `t_s_role_function` VALUES ('8a8080ce41156e59014115719d62000f', null, '8a8080ce4110c842014110ca65cd000a', '8a8080ce41156e59014115717f950004');
INSERT INTO `t_s_role_function` VALUES ('8a8080ce41156e59014115719d620010', null, '8a8080ce4110c842014110ca3cd40008', '8a8080ce41156e59014115717f950004');
INSERT INTO `t_s_role_function` VALUES ('8a8080ce41156e59014115719d620011', null, '8a8080ce4110c410014110c4a54d0019', '8a8080ce41156e59014115717f950004');
INSERT INTO `t_s_role_function` VALUES ('8a8080ce41156e59014115719d620012', null, '8a8080ce4110c842014110c9ccbb0004', '8a8080ce41156e59014115717f950004');

-- ----------------------------
-- Table structure for t_s_role_user
-- ----------------------------
DROP TABLE IF EXISTS `t_s_role_user`;
CREATE TABLE `t_s_role_user` (
  `id` varchar(255) NOT NULL,
  `roleid` varchar(255) DEFAULT NULL,
  `userid` varchar(255) DEFAULT NULL,
  PRIMARY KEY (`id`),
  KEY `FK8C5095DDC26DBE58` (`roleid`),
  KEY `FK8C5095DDC7C313C2` (`userid`),
  CONSTRAINT `FK8C5095DDC26DBE58` FOREIGN KEY (`roleid`) REFERENCES `t_s_role` (`id`),
  CONSTRAINT `FK8C5095DDC7C313C2` FOREIGN KEY (`userid`) REFERENCES `t_s_user` (`id`)
) ENGINE=InnoDB DEFAULT CHARSET=utf8;

-- ----------------------------
-- Records of t_s_role_user
-- ----------------------------
INSERT INTO `t_s_role_user` VALUES ('8a8080ce4110c410014110c4a70c00b5', '8a8080ce4110c410014110c4a5b7003e', '8a8080ce4110c410014110c4a5c40040');
INSERT INTO `t_s_role_user` VALUES ('8a8080ce4110c410014110c4a70e00b6', '8a8080ce4110c410014110c4a5b4003d', '8a8080ce4110c410014110c4a5c80041');
INSERT INTO `t_s_role_user` VALUES ('8a8080ce4110c410014110c4a70f00b7', '8a8080ce4110c410014110c4a5b4003d', '8a8080ce4110c410014110c4a5cb0042');
INSERT INTO `t_s_role_user` VALUES ('8a8080ce411517fc01411519073a0002', '8a8080ce4110c410014110c4a5b4003d', '8a8080ce4110c410014110c4a5bf003f');
INSERT INTO `t_s_role_user` VALUES ('8a8080ce41156e59014115726ba50014', '8a8080ce41156e59014115717f950004', '8a8080ce41156e59014115726b790013');

-- ----------------------------
-- Table structure for t_s_type
-- ----------------------------
DROP TABLE IF EXISTS `t_s_type`;
CREATE TABLE `t_s_type` (
  `id` varchar(255) NOT NULL,
  `typecode` varchar(50) DEFAULT NULL,
  `typename` varchar(50) DEFAULT NULL,
  `typepid` varchar(255) DEFAULT NULL,
  `typegroupid` varchar(255) DEFAULT NULL,
  PRIMARY KEY (`id`),
  KEY `FK7D26E9B1C6BEA51C` (`typepid`),
  KEY `FK7D26E9B15395FBB4` (`typegroupid`),
  CONSTRAINT `FK7D26E9B15395FBB4` FOREIGN KEY (`typegroupid`) REFERENCES `t_s_typegroup` (`id`),
  CONSTRAINT `FK7D26E9B1C6BEA51C` FOREIGN KEY (`typepid`) REFERENCES `t_s_type` (`id`)
) ENGINE=InnoDB DEFAULT CHARSET=utf8;

-- ----------------------------
-- Records of t_s_type
-- ----------------------------
INSERT INTO `t_s_type` VALUES ('8a8080ce4110c410014110c4a60f004d', '2', '', null, '8a8080ce4110c410014110c4a5cf0043');
INSERT INTO `t_s_type` VALUES ('8a8080ce4110c410014110c4a612004e', '1', '', null, '8a8080ce4110c410014110c4a5cf0043');
INSERT INTO `t_s_type` VALUES ('8a8080ce4110c410014110c4a615004f', 'files', '', null, '8a8080ce4110c410014110c4a5e7004b');
INSERT INTO `t_s_type` VALUES ('8a8080ce4110c410014110c4a6180050', '1', '', null, '8a8080ce4110c410014110c4a5d30044');
INSERT INTO `t_s_type` VALUES ('8a8080ce4110c410014110c4a61b0051', '2', '', null, '8a8080ce4110c410014110c4a5d30044');
INSERT INTO `t_s_type` VALUES ('8a8080ce4110c410014110c4a61e0052', '1', '', null, '8a8080ce4110c410014110c4a5d60045');
INSERT INTO `t_s_type` VALUES ('8a8080ce4110c410014110c4a6210053', '2', '', null, '8a8080ce4110c410014110c4a5d60045');
INSERT INTO `t_s_type` VALUES ('8a8080ce4110c410014110c4a6240054', '1', '', null, '8a8080ce4110c410014110c4a5d90046');
INSERT INTO `t_s_type` VALUES ('8a8080ce4110c410014110c4a6270055', '2', '', null, '8a8080ce4110c410014110c4a5d90046');
INSERT INTO `t_s_type` VALUES ('8a8080ce4110c410014110c4a62a0056', 'single', '', null, '8a8080ce4110c410014110c4a5dc0047');
INSERT INTO `t_s_type` VALUES ('8a8080ce4110c410014110c4a62d0057', 'group', '', null, '8a8080ce4110c410014110c4a5dc0047');
INSERT INTO `t_s_type` VALUES ('8a8080ce4110c410014110c4a62f0058', 'Y', '', null, '8a8080ce4110c410014110c4a5de0048');
INSERT INTO `t_s_type` VALUES ('8a8080ce4110c410014110c4a6320059', 'N', '', null, '8a8080ce4110c410014110c4a5de0048');
INSERT INTO `t_s_type` VALUES ('8a8080ce4110c410014110c4a635005a', 'Integer', 'Integer', null, '8a8080ce4110c410014110c4a5e10049');
INSERT INTO `t_s_type` VALUES ('8a8080ce4110c410014110c4a637005b', 'Date', 'Date', null, '8a8080ce4110c410014110c4a5e10049');
INSERT INTO `t_s_type` VALUES ('8a8080ce4110c410014110c4a63a005c', 'String', 'String', null, '8a8080ce4110c410014110c4a5e10049');
INSERT INTO `t_s_type` VALUES ('8a8080ce4110c410014110c4a63d005d', 'Long', 'Long', null, '8a8080ce4110c410014110c4a5e10049');
INSERT INTO `t_s_type` VALUES ('8a8080ce4110c410014110c4a640005e', 'act', '', null, '8a8080ce4110c410014110c4a5e4004a');
INSERT INTO `t_s_type` VALUES ('8a8080ce4110c410014110c4a643005f', 't_s', '', null, '8a8080ce4110c410014110c4a5e4004a');
INSERT INTO `t_s_type` VALUES ('8a8080ce4110c410014110c4a6460060', 't_b', '', null, '8a8080ce4110c410014110c4a5e4004a');
INSERT INTO `t_s_type` VALUES ('8a8080ce4110c410014110c4a6490061', 't_p', '', null, '8a8080ce4110c410014110c4a5e4004a');
INSERT INTO `t_s_type` VALUES ('8a8080ce4110c410014110c4a64b0062', 'news', '', null, '8a8080ce4110c410014110c4a5e7004b');
INSERT INTO `t_s_type` VALUES ('8a8080ce4110c410014110c4a64e0063', '0', '', null, '8a8080ce4110c410014110c4a5e9004c');
INSERT INTO `t_s_type` VALUES ('8a8080ce4110c410014110c4a6510064', '1', '', null, '8a8080ce4110c410014110c4a5e9004c');

-- ----------------------------
-- Table structure for t_s_typegroup
-- ----------------------------
DROP TABLE IF EXISTS `t_s_typegroup`;
CREATE TABLE `t_s_typegroup` (
  `id` varchar(255) NOT NULL,
  `typegroupcode` varchar(50) DEFAULT NULL,
  `typegroupname` varchar(50) DEFAULT NULL,
  PRIMARY KEY (`id`)
) ENGINE=InnoDB DEFAULT CHARSET=utf8;

-- ----------------------------
-- Records of t_s_typegroup
-- ----------------------------
INSERT INTO `t_s_typegroup` VALUES ('8a8080ce4110c410014110c4a5cf0043', 'icontype', '');
INSERT INTO `t_s_typegroup` VALUES ('8a8080ce4110c410014110c4a5d30044', 'order', '');
INSERT INTO `t_s_typegroup` VALUES ('8a8080ce4110c410014110c4a5d60045', 'custom', '');
INSERT INTO `t_s_typegroup` VALUES ('8a8080ce4110c410014110c4a5d90046', 'service', '');
INSERT INTO `t_s_typegroup` VALUES ('8a8080ce4110c410014110c4a5dc0047', 'searchmode', '');
INSERT INTO `t_s_typegroup` VALUES ('8a8080ce4110c410014110c4a5de0048', 'yesorno', '');
INSERT INTO `t_s_typegroup` VALUES ('8a8080ce4110c410014110c4a5e10049', 'fieldtype', '');
INSERT INTO `t_s_typegroup` VALUES ('8a8080ce4110c410014110c4a5e4004a', 'database', '');
INSERT INTO `t_s_typegroup` VALUES ('8a8080ce4110c410014110c4a5e7004b', 'fieltype', '');
INSERT INTO `t_s_typegroup` VALUES ('8a8080ce4110c410014110c4a5e9004c', 'sex', '');

-- ----------------------------
-- Table structure for t_s_user
-- ----------------------------
DROP TABLE IF EXISTS `t_s_user`;
CREATE TABLE `t_s_user` (
  `email` varchar(50) DEFAULT NULL,
  `mobilePhone` varchar(30) DEFAULT NULL,
  `officePhone` varchar(20) DEFAULT NULL,
  `signatureFile` varchar(100) DEFAULT NULL,
  `id` varchar(255) NOT NULL,
  PRIMARY KEY (`id`),
  KEY `FK7D2746426AC448A8` (`id`),
  CONSTRAINT `FK7D2746426AC448A8` FOREIGN KEY (`id`) REFERENCES `t_s_base_user` (`id`)
) ENGINE=InnoDB DEFAULT CHARSET=utf8;

-- ----------------------------
-- Records of t_s_user
-- ----------------------------
INSERT INTO `t_s_user` VALUES ('', '', '', 'images/renfang/qm/licf.gif', '8a8080ce4110c410014110c4a5bf003f');
INSERT INTO `t_s_user` VALUES ('zhangdaiscott@163.com', '13426432910', '7496661', null, '8a8080ce4110c410014110c4a5c40040');
INSERT INTO `t_s_user` VALUES (null, null, null, null, '8a8080ce4110c410014110c4a5c80041');
INSERT INTO `t_s_user` VALUES (null, null, null, null, '8a8080ce4110c410014110c4a5cb0042');
INSERT INTO `t_s_user` VALUES ('', '', '', null, '8a8080ce41156e59014115726b790013');

-- ----------------------------
-- Table structure for t_s_version
-- ----------------------------
DROP TABLE IF EXISTS `t_s_version`;
CREATE TABLE `t_s_version` (
  `id` varchar(255) NOT NULL,
  `loginpage` varchar(100) DEFAULT NULL,
  `versioncode` varchar(50) DEFAULT NULL,
  `versionname` varchar(30) DEFAULT NULL,
  `versionnum` varchar(20) DEFAULT NULL,
  PRIMARY KEY (`id`)
) ENGINE=InnoDB DEFAULT CHARSET=utf8;

-- ----------------------------
-- Records of t_s_version
-- ----------------------------

-- ----------------------------
-- Table structure for vdopoints
-- ----------------------------
DROP TABLE IF EXISTS `vdopoints`;
CREATE TABLE `vdopoints` (
  `vpid` int(11) DEFAULT NULL,
  `x` decimal(18,6) DEFAULT NULL,
  `y` decimal(18,6) DEFAULT NULL,
  `h` decimal(18,6) DEFAULT NULL,
  `filename` varchar(150) DEFAULT NULL,
  `vdoSegId` int(11) DEFAULT NULL,
  `notv` int(11) DEFAULT NULL,
  `flag` int(11) DEFAULT NULL,
  `rdflag` int(11) DEFAULT NULL,
  `createtime` datetime DEFAULT NULL
) ENGINE=InnoDB DEFAULT CHARSET=utf8;


-- ----------------------------
-- Table structure for vdopoints_temp
-- ----------------------------
DROP TABLE IF EXISTS `vdopoints_temp`;
CREATE TABLE `vdopoints_temp` (
  `vdoSegId` int(11) DEFAULT NULL,
  `x` decimal(18,13) DEFAULT NULL,
  `y` decimal(18,13) DEFAULT NULL,
  `h` decimal(18,6) DEFAULT NULL,
  `filename` varchar(150) DEFAULT NULL
) ENGINE=InnoDB DEFAULT CHARSET=utf8;

-- ----------------------------
-- Records of vdopoints_temp
-- ----------------------------

-- ----------------------------
-- Table structure for workflow_oa_leave
-- ----------------------------
DROP TABLE IF EXISTS `workflow_oa_leave`;
CREATE TABLE `workflow_oa_leave` (
  `id` varchar(255) NOT NULL,
  `APPLY_TIME` datetime DEFAULT NULL,
  `END_TIME` datetime DEFAULT NULL,
  `LEAVE_TYPE` varchar(255) DEFAULT NULL,
  `PROCESS_INSTANCE_ID` varchar(255) DEFAULT NULL,
  `REALITY_END_TIME` datetime DEFAULT NULL,
  `REALITY_START_TIME` datetime DEFAULT NULL,
  `REASON` varchar(255) DEFAULT NULL,
  `START_TIME` datetime DEFAULT NULL,
  `USER_ID` varchar(255) DEFAULT NULL,
  PRIMARY KEY (`id`)
) ENGINE=InnoDB DEFAULT CHARSET=utf8;

-- ----------------------------
-- Records of workflow_oa_leave
-- ----------------------------
INSERT INTO `workflow_oa_leave` VALUES ('8a8080ce412addd601412addf4ea0000', '2013-09-17 15:41:30', '2012-05-23 00:00:00', '', '1310', null, null, 'no reason1', '2012-05-22 00:00:00', '8a8080ce41156e59014115726b790013');
INSERT INTO `workflow_oa_leave` VALUES ('8a8080ce412ae23301412ae2663d0000', '2013-09-17 15:46:22', '2012-05-23 00:00:00', '', '1410', null, null, 'no reason1', '2012-05-22 00:00:00', '8a8080ce41156e59014115726b790013');
INSERT INTO `workflow_oa_leave` VALUES ('8a8080ce412b167201412b16b5620000', '2013-09-17 16:43:29', '2012-05-23 00:00:00', '', '1510', null, null, 'no reason1', '2012-05-22 00:00:00', '8a8080ce41156e59014115726b790013');
